[0m[INFO] [1786796736.090082891]: Livox Ros Driver2 Version: 1.2.4[0m
data source:0.
[0m[INFO] [1786796736.093585388]: Data Source is raw lidar.[0m
[0m[INFO] [1786796736.093900583]: Config file : /home/mprp3/ws_livox/src/livox_ros_driver2/config/MID360_config.json[0m
LdsLidar *GetInstance
config lidar type: 8
successfully parse base config, counts: 1
[2026-08-15 21:25:36.094] [console] [info] set master/slave sdk to master sdk by default  [parse_cfg_file.cpp] [Parse] [82]
[2026-08-15 21:25:36.094] [console] [info] Livox lidar logger disable.  [parse_cfg_file.cpp] [Parse] [126]
[2026-08-15 21:25:36.094] [console] [info] Device type:9 point cloud data and IMU data unicast is enabled.  [params_check.cpp] [CheckLidarMulticastIp] [100]
[2026-08-15 21:25:36.094] [console] [info] Data Handler Init Succ.  [data_handler.cpp] [Init] [49]
[2026-08-15 21:25:36.094] [console] [info] Init livox lidars succ.  [device_manager.cpp] [Init] [178]
GetFreeIndex key:livox_lidar_2483136704.
[0m[INFO] [1786796736.095070810]: Init lds lidar successfully![0m
Init queue, real query size:16.
Lidar[0] storage queue size: 10
[2026-08-15 21:25:36.644] [console] [info]  Receive Command: Id 258 Seq 2803  [mid360_command_handler.cpp] [Handle] [67]
[2026-08-15 21:25:37.096] [console] [info] Handle detection data, handle:2483136704, dev_type:9, sn:47MCN7H0032048, cmd_port:56100  [general_command_handler.cpp] [HandleDetectionData] [319]
[2026-08-15 21:25:37.098] [console] [info]  Receive Ack: Id 257 Seq 4  [mid360_command_handler.cpp] [Handle] [64]
[2026-08-15 21:25:37.098] [console] [info] Query Fw type succ, the fw_type:1  [general_command_handler.cpp] [QueryFwTypeCallback] [458]
[2026-08-15 21:25:37.645] [console] [info]  Receive Command: Id 258 Seq 2829  [mid360_command_handler.cpp] [Handle] [67]
[2026-08-15 21:25:38.097] [console] [info] Handle detection data, handle:2483136704, dev_type:9, sn:47MCN7H0032048, cmd_port:56100  [general_command_handler.cpp] [HandleDetectionData] [319]
[2026-08-15 21:25:38.101] [console] [info]  Receive Ack: Id 256 Seq 6  [mid360_command_handler.cpp] [Handle] [64]
[2026-08-15 21:25:38.101] [console] [info] Update lidar:2483136704 succ.  [mid360_command_handler.cpp] [UpdateLidarCallback] [169]
set pcl data type, handle: 2483136704, data type: 1
set scan pattern, handle: 2483136704, scan pattern: 0
begin to change work mode to 'Normal', handle: 2483136704
[2026-08-15 21:25:38.103] [console] [info]  Receive Ack: Id 256 Seq 7  [mid360_command_handler.cpp] [Handle] [64]
successfully set data type, handle: 2483136704, set_bit: 2
[2026-08-15 21:25:38.103] [console] [info]  Receive Ack: Id 256 Seq 8  [mid360_command_handler.cpp] [Handle] [64]
successfully set pattern mode, handle: 2483136704, set_bit: 0
[2026-08-15 21:25:38.103] [console] [info]  Receive Ack: Id 256 Seq 9  [mid360_command_handler.cpp] [Handle] [64]
successfully set lidar attitude, ip: 192.168.1.148
[2026-08-15 21:25:38.103] [console] [info]  Receive Ack: Id 256 Seq 10  [mid360_command_handler.cpp] [Handle] [64]
successfully change work mode, handle: 2483136704
[2026-08-15 21:25:38.103] [console] [info]  Receive Ack: Id 256 Seq 11  [mid360_command_handler.cpp] [Handle] [64]
successfully enable Livox Lidar imu, ip: 192.168.1.148
[2026-08-15 21:25:38.105] [console] [info]  Receive Command: Id 258 Seq 2842  [mid360_command_handler.cpp] [Handle] [67]
[2026-08-15 21:25:38.645] [console] [info]  Receive Command: Id 258 Seq 2856  [mid360_command_handler.cpp] [Handle] [67]
[0m[INFO] [1786796739.095288799]: Support only one topic.[0m
[0m[INFO] [1786796739.095882371]: Support only one topic.[0m
[0m[INFO] [1786796739.096172295]: livox/imu publish imu data, set ROS publisher queue size 256[0m
[32m[DEBUG] [1786796739.096188270]: Trying to publish message of type [sensor_msgs/Imu/6a62c6daae103f4ff57a132d6f95cec2] on a publisher with type [sensor_msgs/Imu/6a62c6daae103f4ff57a132d6f95cec2][0m
[0m[INFO] [1786796739.096668255]: livox/lidar publish use livox custom format, set ROS publisher queue size 256[0m
[32m[DEBUG] [1786796739.096679949]: Trying to publish message of type [livox_ros_driver2/CustomMsg/e4d6829bdfe657cb6c21a746c86b21a6] on a publisher with type [livox_ros_driver2/CustomMsg/e4d6829bdfe657cb6c21a746c86b21a6][0m
[2026-08-15 21:25:39.097] [console] [info] Handle detection data, handle:2483136704, dev_type:9, sn:47MCN7H0032048, cmd_port:56100  [general_command_handler.cpp] [HandleDetectionData] [319]
[2026-08-15 21:25:39.645] [console] [info]  Receive Command: Id 258 Seq 2882  [mid360_command_handler.cpp] [Handle] [67]
[2026-08-15 21:25:40.097] [console] [info] Handle detection data, handle:2483136704, dev_type:9, sn:47MCN7H0032048, cmd_port:56100  [general_command_handler.cpp] [HandleDetectionData] [319]
[2026-08-15 21:25:40.645] [console] [info]  Receive Command: Id 258 Seq 2908  [mid360_command_handler.cpp] [Handle] [67]
[2026-08-15 21:25:41.097] [console] [info] Handle detection data, handle:2483136704, dev_type:9, sn:47MCN7H0032048, cmd_port:56100  [general_command_handler.cpp] [HandleDetectionData] [319]
[2026-08-15 21:25:41.646] [console] [info]  Receive Command: Id 258 Seq 2934  [mid360_command_handler.cpp] [Handle] [67]
[2026-08-15 21:25:42.098] [console] [info] Handle detection data, handle:2483136704, dev_type:9, sn:47MCN7H0032048, cmd_port:56100  [general_command_handler.cpp] [HandleDetectionData] [319]
[2026-08-15 21:25:42.646] [console] [info]  Receive Command: Id 258 Seq 2960  [mid360_command_handler.cpp] [Handle] [67]
[2026-08-15 21:25:43.098] [console] [info] Handle detection data, handle:2483136704, dev_type:9, sn:47MCN7H0032048, cmd_port:56100  [general_command_handler.cpp] [HandleDetectionData] [319]
[2026-08-15 21:25:43.646] [console] [info]  Receive Command: Id 258 Seq 2986  [mid360_command_handler.cpp] [Handle] [67]
[2026-08-15 21:25:44.098] [console] [info] Handle detection data, handle:2483136704, dev_type:9, sn:47MCN7H0032048, cmd_port:56100  [general_command_handler.cpp] [HandleDetectionData] [319]
[2026-08-15 21:25:44.646] [console] [info]  Receive Command: Id 258 Seq 3012  [mid360_command_handler.cpp] [Handle] [67]
[2026-08-15 21:25:45.098] [console] [info] Handle detection data, handle:2483136704, dev_type:9, sn:47MCN7H0032048, cmd_port:56100  [general_command_handler.cpp] [HandleDetectionData] [319]
[2026-08-15 21:25:45.646] [console] [info]  Receive Command: Id 258 Seq 3038  [mid360_command_handler.cpp] [Handle] [67]
[2026-08-15 21:25:46.099] [console] [info] Handle detection data, handle:2483136704, dev_type:9, sn:47MCN7H0032048, cmd_port:56100  [general_command_handler.cpp] [HandleDetectionData] [319]
[2026-08-15 21:25:46.647] [console] [info]  Receive Command: Id 258 Seq 3064  [mid360_command_handler.cpp] [Handle] [67]
[2026-08-15 21:25:47.099] [console] [info] Handle detection data, handle:2483136704, dev_type:9, sn:47MCN7H0032048, cmd_port:56100  [general_command_handler.cpp] [HandleDetectionData] [319]
[2026-08-15 21:25:47.647] [console] [info]  Receive Command: Id 258 Seq 3090  [mid360_command_handler.cpp] [Handle] [67]
[2026-08-15 21:25:48.099] [console] [info] Handle detection data, handle:2483136704, dev_type:9, sn:47MCN7H0032048, cmd_port:56100  [general_command_handler.cpp] [HandleDetectionData] [319]
[2026-08-15 21:25:48.647] [console] [info]  Receive Command: Id 258 Seq 3116  [mid360_command_handler.cpp] [Handle] [67]
[2026-08-15 21:25:49.097] [console] [info] Handle detection data, handle:2483136704, dev_type:9, sn:47MCN7H0032048, cmd_port:56100  [general_command_handler.cpp] [HandleDetectionData] [319]
[2026-08-15 21:25:49.647] [console] [info]  Receive Command: Id 258 Seq 3142  [mid360_command_handler.cpp] [Handle] [67]
[2026-08-15 21:25:50.097] [console] [info] Handle detection data, handle:2483136704, dev_type:9, sn:47MCN7H0032048, cmd_port:56100  [general_command_handler.cpp] [HandleDetectionData] [319]
[2026-08-15 21:25:50.647] [console] [info]  Receive Command: Id 258 Seq 3168  [mid360_command_handler.cpp] [Handle] [67]
[2026-08-15 21:25:51.097] [console] [info] Handle detection data, handle:2483136704, dev_type:9, sn:47MCN7H0032048, cmd_port:56100  [general_command_handler.cpp] [HandleDetectionData] [319]
[2026-08-15 21:25:51.647] [console] [info]  Receive Command: Id 258 Seq 3194  [mid360_command_handler.cpp] [Handle] [67]
[2026-08-15 21:25:52.097] [console] [info] Handle detection data, handle:2483136704, dev_type:9, sn:47MCN7H0032048, cmd_port:56100  [general_command_handler.cpp] [HandleDetectionData] [319]
[2026-08-15 21:25:52.647] [console] [info]  Receive Command: Id 258 Seq 3220  [mid360_command_handler.cpp] [Handle] [67]
[2026-08-15 21:25:53.097] [console] [info] Handle detection data, handle:2483136704, dev_type:9, sn:47MCN7H0032048, cmd_port:56100  [general_command_handler.cpp] [HandleDetectionData] [319]
[2026-08-15 21:25:53.648] [console] [info]  Receive Command: Id 258 Seq 3246  [mid360_command_handler.cpp] [Handle] [67]
[2026-08-15 21:25:54.098] [console] [info] Handle detection data, handle:2483136704, dev_type:9, sn:47MCN7H0032048, cmd_port:56100  [general_command_handler.cpp] [HandleDetectionData] [319]
[2026-08-15 21:25:54.648] [console] [info]  Receive Command: Id 258 Seq 3272  [mid360_command_handler.cpp] [Handle] [67]
[2026-08-15 21:25:55.098] [console] [info] Handle detection data, handle:2483136704, dev_type:9, sn:47MCN7H0032048, cmd_port:56100  [general_command_handler.cpp] [HandleDetectionData] [319]
[2026-08-15 21:25:55.648] [console] [info]  Receive Command: Id 258 Seq 3298  [mid360_command_handler.cpp] [Handle] [67]
[2026-08-15 21:25:56.098] [console] [info] Handle detection data, handle:2483136704, dev_type:9, sn:47MCN7H0032048, cmd_port:56100  [general_command_handler.cpp] [HandleDetectionData] [319]
[2026-08-15 21:25:56.648] [console] [info]  Receive Command: Id 258 Seq 3324  [mid360_command_handler.cpp] [Handle] [67]
[2026-08-15 21:25:57.098] [console] [info] Handle detection data, handle:2483136704, dev_type:9, sn:47MCN7H0032048, cmd_port:56100  [general_command_handler.cpp] [HandleDetectionData] [319]
[2026-08-15 21:25:57.648] [console] [info]  Receive Command: Id 258 Seq 3350  [mid360_command_handler.cpp] [Handle] [67]
[2026-08-15 21:25:58.098] [console] [info] Handle detection data, handle:2483136704, dev_type:9, sn:47MCN7H0032048, cmd_port:56100  [general_command_handler.cpp] [HandleDetectionData] [319]
[2026-08-15 21:25:58.648] [console] [info]  Receive Command: Id 258 Seq 3376  [mid360_command_handler.cpp] [Handle] [67]
[2026-08-15 21:25:59.098] [console] [info] Handle detection data, handle:2483136704, dev_type:9, sn:47MCN7H0032048, cmd_port:56100  [general_command_handler.cpp] [HandleDetectionData] [319]
[2026-08-15 21:25:59.648] [console] [info]  Receive Command: Id 258 Seq 3402  [mid360_command_handler.cpp] [Handle] [67]
[2026-08-15 21:26:00.098] [console] [info] Handle detection data, handle:2483136704, dev_type:9, sn:47MCN7H0032048, cmd_port:56100  [general_command_handler.cpp] [HandleDetectionData] [319]
[2026-08-15 21:26:00.648] [console] [info]  Receive Command: Id 258 Seq 3428  [mid360_command_handler.cpp] [Handle] [67]
[2026-08-15 21:26:01.098] [console] [info] Handle detection data, handle:2483136704, dev_type:9, sn:47MCN7H0032048, cmd_port:56100  [general_command_handler.cpp] [HandleDetectionData] [319]
[2026-08-15 21:26:01.648] [console] [info]  Receive Command: Id 258 Seq 3454  [mid360_command_handler.cpp] [Handle] [67]
[2026-08-15 21:26:02.098] [console] [info] Handle detection data, handle:2483136704, dev_type:9, sn:47MCN7H0032048, cmd_port:56100  [general_command_handler.cpp] [HandleDetectionData] [319]
[2026-08-15 21:26:02.648] [console] [info]  Receive Command: Id 258 Seq 3480  [mid360_command_handler.cpp] [Handle] [67]
[2026-08-15 21:26:03.098] [console] [info] Handle detection data, handle:2483136704, dev_type:9, sn:47MCN7H0032048, cmd_port:56100  [general_command_handler.cpp] [HandleDetectionData] [319]
[2026-08-15 21:26:03.648] [console] [info]  Receive Command: Id 258 Seq 3506  [mid360_command_handler.cpp] [Handle] [67]
[2026-08-15 21:26:04.098] [console] [info] Handle detection data, handle:2483136704, dev_type:9, sn:47MCN7H0032048, cmd_port:56100  [general_command_handler.cpp] [HandleDetectionData] [319]
[2026-08-15 21:26:04.648] [console] [info]  Receive Command: Id 258 Seq 3532  [mid360_command_handler.cpp] [Handle] [67]
[2026-08-15 21:26:05.099] [console] [info] Handle detection data, handle:2483136704, dev_type:9, sn:47MCN7H0032048, cmd_port:56100  [general_command_handler.cpp] [HandleDetectionData] [319]
[2026-08-15 21:26:05.648] [console] [info]  Receive Command: Id 258 Seq 3558  [mid360_command_handler.cpp] [Handle] [67]
[2026-08-15 21:26:06.099] [console] [info] Handle detection data, handle:2483136704, dev_type:9, sn:47MCN7H0032048, cmd_port:56100  [general_command_handler.cpp] [HandleDetectionData] [319]
[2026-08-15 21:26:06.649] [console] [info]  Receive Command: Id 258 Seq 3584  [mid360_command_handler.cpp] [Handle] [67]
[2026-08-15 21:26:07.099] [console] [info] Handle detection data, handle:2483136704, dev_type:9, sn:47MCN7H0032048, cmd_port:56100  [general_command_handler.cpp] [HandleDetectionData] [319]
[2026-08-15 21:26:07.649] [console] [info]  Receive Command: Id 258 Seq 3610  [mid360_command_handler.cpp] [Handle] [67]
[2026-08-15 21:26:08.099] [console] [info] Handle detection data, handle:2483136704, dev_type:9, sn:47MCN7H0032048, cmd_port:56100  [general_command_handler.cpp] [HandleDetectionData] [319]
[2026-08-15 21:26:08.649] [console] [info]  Receive Command: Id 258 Seq 3636  [mid360_command_handler.cpp] [Handle] [67]
[2026-08-15 21:26:09.099] [console] [info] Handle detection data, handle:2483136704, dev_type:9, sn:47MCN7H0032048, cmd_port:56100  [general_command_handler.cpp] [HandleDetectionData] [319]
[2026-08-15 21:26:09.649] [console] [info]  Receive Command: Id 258 Seq 3662  [mid360_command_handler.cpp] [Handle] [67]
[2026-08-15 21:26:10.099] [console] [info] Handle detection data, handle:2483136704, dev_type:9, sn:47MCN7H0032048, cmd_port:56100  [general_command_handler.cpp] [HandleDetectionData] [319]
[2026-08-15 21:26:10.649] [console] [info]  Receive Command: Id 258 Seq 3688  [mid360_command_handler.cpp] [Handle] [67]
[2026-08-15 21:26:11.099] [console] [info] Handle detection data, handle:2483136704, dev_type:9, sn:47MCN7H0032048, cmd_port:56100  [general_command_handler.cpp] [HandleDetectionData] [319]
[2026-08-15 21:26:11.649] [console] [info]  Receive Command: Id 258 Seq 3714  [mid360_command_handler.cpp] [Handle] [67]
[2026-08-15 21:26:12.099] [console] [info] Handle detection data, handle:2483136704, dev_type:9, sn:47MCN7H0032048, cmd_port:56100  [general_command_handler.cpp] [HandleDetectionData] [319]
[2026-08-15 21:26:12.649] [console] [info]  Receive Command: Id 258 Seq 3740  [mid360_command_handler.cpp] [Handle] [67]
[2026-08-15 21:26:13.101] [console] [info] Handle detection data, handle:2483136704, dev_type:9, sn:47MCN7H0032048, cmd_port:56100  [general_command_handler.cpp] [HandleDetectionData] [319]
[2026-08-15 21:26:13.649] [console] [info]  Receive Command: Id 258 Seq 3766  [mid360_command_handler.cpp] [Handle] [67]
[2026-08-15 21:26:14.101] [console] [info] Handle detection data, handle:2483136704, dev_type:9, sn:47MCN7H0032048, cmd_port:56100  [general_command_handler.cpp] [HandleDetectionData] [319]
[2026-08-15 21:26:14.649] [console] [info]  Receive Command: Id 258 Seq 3792  [mid360_command_handler.cpp] [Handle] [67]
[2026-08-15 21:26:15.101] [console] [info] Handle detection data, handle:2483136704, dev_type:9, sn:47MCN7H0032048, cmd_port:56100  [general_command_handler.cpp] [HandleDetectionData] [319]
[2026-08-15 21:26:15.649] [console] [info]  Receive Command: Id 258 Seq 3818  [mid360_command_handler.cpp] [Handle] [67]
[2026-08-15 21:26:16.101] [console] [info] Handle detection data, handle:2483136704, dev_type:9, sn:47MCN7H0032048, cmd_port:56100  [general_command_handler.cpp] [HandleDetectionData] [319]
[2026-08-15 21:26:16.649] [console] [info]  Receive Command: Id 258 Seq 3844  [mid360_command_handler.cpp] [Handle] [67]
[2026-08-15 21:26:17.101] [console] [info] Handle detection data, handle:2483136704, dev_type:9, sn:47MCN7H0032048, cmd_port:56100  [general_command_handler.cpp] [HandleDetectionData] [319]
[2026-08-15 21:26:17.649] [console] [info]  Receive Command: Id 258 Seq 3870  [mid360_command_handler.cpp] [Handle] [67]
[2026-08-15 21:26:18.101] [console] [info] Handle detection data, handle:2483136704, dev_type:9, sn:47MCN7H0032048, cmd_port:56100  [general_command_handler.cpp] [HandleDetectionData] [319]
[2026-08-15 21:26:18.649] [console] [info]  Receive Command: Id 258 Seq 3896  [mid360_command_handler.cpp] [Handle] [67]
[2026-08-15 21:26:19.101] [console] [info] Handle detection data, handle:2483136704, dev_type:9, sn:47MCN7H0032048, cmd_port:56100  [general_command_handler.cpp] [HandleDetectionData] [319]
[2026-08-15 21:26:19.649] [console] [info]  Receive Command: Id 258 Seq 3922  [mid360_command_handler.cpp] [Handle] [67]
[2026-08-15 21:26:20.101] [console] [info] Handle detection data, handle:2483136704, dev_type:9, sn:47MCN7H0032048, cmd_port:56100  [general_command_handler.cpp] [HandleDetectionData] [319]
[2026-08-15 21:26:20.649] [console] [info]  Receive Command: Id 258 Seq 3948  [mid360_command_handler.cpp] [Handle] [67]
[2026-08-15 21:26:21.101] [console] [info] Handle detection data, handle:2483136704, dev_type:9, sn:47MCN7H0032048, cmd_port:56100  [general_command_handler.cpp] [HandleDetectionData] [319]
[2026-08-15 21:26:21.649] [console] [info]  Receive Command: Id 258 Seq 3974  [mid360_command_handler.cpp] [Handle] [67]
[2026-08-15 21:26:22.101] [console] [info] Handle detection data, handle:2483136704, dev_type:9, sn:47MCN7H0032048, cmd_port:56100  [general_command_handler.cpp] [HandleDetectionData] [319]
[2026-08-15 21:26:22.649] [console] [info]  Receive Command: Id 258 Seq 4000  [mid360_command_handler.cpp] [Handle] [67]
[2026-08-15 21:26:23.101] [console] [info] Handle detection data, handle:2483136704, dev_type:9, sn:47MCN7H0032048, cmd_port:56100  [general_command_handler.cpp] [HandleDetectionData] [319]
[2026-08-15 21:26:23.649] [console] [info]  Receive Command: Id 258 Seq 4026  [mid360_command_handler.cpp] [Handle] [67]
[2026-08-15 21:26:24.101] [console] [info] Handle detection data, handle:2483136704, dev_type:9, sn:47MCN7H0032048, cmd_port:56100  [general_command_handler.cpp] [HandleDetectionData] [319]
[2026-08-15 21:26:24.649] [console] [info]  Receive Command: Id 258 Seq 4052  [mid360_command_handler.cpp] [Handle] [67]
[2026-08-15 21:26:25.101] [console] [info] Handle detection data, handle:2483136704, dev_type:9, sn:47MCN7H0032048, cmd_port:56100  [general_command_handler.cpp] [HandleDetectionData] [319]
[2026-08-15 21:26:25.649] [console] [info]  Receive Command: Id 258 Seq 4078  [mid360_command_handler.cpp] [Handle] [67]
[2026-08-15 21:26:26.102] [console] [info] Handle detection data, handle:2483136704, dev_type:9, sn:47MCN7H0032048, cmd_port:56100  [general_command_handler.cpp] [HandleDetectionData] [319]
[2026-08-15 21:26:26.650] [console] [info]  Receive Command: Id 258 Seq 4104  [mid360_command_handler.cpp] [Handle] [67]
[2026-08-15 21:26:27.102] [console] [info] Handle detection data, handle:2483136704, dev_type:9, sn:47MCN7H0032048, cmd_port:56100  [general_command_handler.cpp] [HandleDetectionData] [319]
[2026-08-15 21:26:27.650] [console] [info]  Receive Command: Id 258 Seq 4130  [mid360_command_handler.cpp] [Handle] [67]
[2026-08-15 21:26:28.102] [console] [info] Handle detection data, handle:2483136704, dev_type:9, sn:47MCN7H0032048, cmd_port:56100  [general_command_handler.cpp] [HandleDetectionData] [319]
[2026-08-15 21:26:28.650] [console] [info]  Receive Command: Id 258 Seq 4156  [mid360_command_handler.cpp] [Handle] [67]
[2026-08-15 21:26:29.102] [console] [info] Handle detection data, handle:2483136704, dev_type:9, sn:47MCN7H0032048, cmd_port:56100  [general_command_handler.cpp] [HandleDetectionData] [319]
[2026-08-15 21:26:29.650] [console] [info]  Receive Command: Id 258 Seq 4182  [mid360_command_handler.cpp] [Handle] [67]
[2026-08-15 21:26:30.102] [console] [info] Handle detection data, handle:2483136704, dev_type:9, sn:47MCN7H0032048, cmd_port:56100  [general_command_handler.cpp] [HandleDetectionData] [319]
[2026-08-15 21:26:30.650] [console] [info]  Receive Command: Id 258 Seq 4208  [mid360_command_handler.cpp] [Handle] [67]
[2026-08-15 21:26:31.102] [console] [info] Handle detection data, handle:2483136704, dev_type:9, sn:47MCN7H0032048, cmd_port:56100  [general_command_handler.cpp] [HandleDetectionData] [319]
[2026-08-15 21:26:31.650] [console] [info]  Receive Command: Id 258 Seq 4234  [mid360_command_handler.cpp] [Handle] [67]
[2026-08-15 21:26:32.102] [console] [info] Handle detection data, handle:2483136704, dev_type:9, sn:47MCN7H0032048, cmd_port:56100  [general_command_handler.cpp] [HandleDetectionData] [319]
[2026-08-15 21:26:32.650] [console] [info]  Receive Command: Id 258 Seq 4260  [mid360_command_handler.cpp] [Handle] [67]
[2026-08-15 21:26:33.102] [console] [info] Handle detection data, handle:2483136704, dev_type:9, sn:47MCN7H0032048, cmd_port:56100  [general_command_handler.cpp] [HandleDetectionData] [319]
[2026-08-15 21:26:33.650] [console] [info]  Receive Command: Id 258 Seq 4286  [mid360_command_handler.cpp] [Handle] [67]
[2026-08-15 21:26:34.102] [console] [info] Handle detection data, handle:2483136704, dev_type:9, sn:47MCN7H0032048, cmd_port:56100  [general_command_handler.cpp] [HandleDetectionData] [319]
[2026-08-15 21:26:34.650] [console] [info]  Receive Command: Id 258 Seq 4312  [mid360_command_handler.cpp] [Handle] [67]
[2026-08-15 21:26:35.102] [console] [info] Handle detection data, handle:2483136704, dev_type:9, sn:47MCN7H0032048, cmd_port:56100  [general_command_handler.cpp] [HandleDetectionData] [319]
[2026-08-15 21:26:35.650] [console] [info]  Receive Command: Id 258 Seq 4338  [mid360_command_handler.cpp] [Handle] [67]
[2026-08-15 21:26:36.102] [console] [info] Handle detection data, handle:2483136704, dev_type:9, sn:47MCN7H0032048, cmd_port:56100  [general_command_handler.cpp] [HandleDetectionData] [319]
[2026-08-15 21:26:36.650] [console] [info]  Receive Command: Id 258 Seq 4364  [mid360_command_handler.cpp] [Handle] [67]
[2026-08-15 21:26:37.102] [console] [info] Handle detection data, handle:2483136704, dev_type:9, sn:47MCN7H0032048, cmd_port:56100  [general_command_handler.cpp] [HandleDetectionData] [319]
[2026-08-15 21:26:37.650] [console] [info]  Receive Command: Id 258 Seq 4390  [mid360_command_handler.cpp] [Handle] [67]
[2026-08-15 21:26:38.102] [console] [info] Handle detection data, handle:2483136704, dev_type:9, sn:47MCN7H0032048, cmd_port:56100  [general_command_handler.cpp] [HandleDetectionData] [319]
[2026-08-15 21:26:38.650] [console] [info]  Receive Command: Id 258 Seq 4416  [mid360_command_handler.cpp] [Handle] [67]
[2026-08-15 21:26:39.102] [console] [info] Handle detection data, handle:2483136704, dev_type:9, sn:47MCN7H0032048, cmd_port:56100  [general_command_handler.cpp] [HandleDetectionData] [319]
[2026-08-15 21:26:39.650] [console] [info]  Receive Command: Id 258 Seq 4442  [mid360_command_handler.cpp] [Handle] [67]
[2026-08-15 21:26:40.102] [console] [info] Handle detection data, handle:2483136704, dev_type:9, sn:47MCN7H0032048, cmd_port:56100  [general_command_handler.cpp] [HandleDetectionData] [319]
[2026-08-15 21:26:40.650] [console] [info]  Receive Command: Id 258 Seq 4468  [mid360_command_handler.cpp] [Handle] [67]
[2026-08-15 21:26:41.102] [console] [info] Handle detection data, handle:2483136704, dev_type:9, sn:47MCN7H0032048, cmd_port:56100  [general_command_handler.cpp] [HandleDetectionData] [319]
[2026-08-15 21:26:41.650] [console] [info]  Receive Command: Id 258 Seq 4494  [mid360_command_handler.cpp] [Handle] [67]
[2026-08-15 21:26:42.102] [console] [info] Handle detection data, handle:2483136704, dev_type:9, sn:47MCN7H0032048, cmd_port:56100  [general_command_handler.cpp] [HandleDetectionData] [319]
[2026-08-15 21:26:42.650] [console] [info]  Receive Command: Id 258 Seq 4520  [mid360_command_handler.cpp] [Handle] [67]
[2026-08-15 21:26:43.102] [console] [info] Handle detection data, handle:2483136704, dev_type:9, sn:47MCN7H0032048, cmd_port:56100  [general_command_handler.cpp] [HandleDetectionData] [319]
[2026-08-15 21:26:43.649] [console] [info]  Receive Command: Id 258 Seq 4546  [mid360_command_handler.cpp] [Handle] [67]
[2026-08-15 21:26:44.103] [console] [info] Handle detection data, handle:2483136704, dev_type:9, sn:47MCN7H0032048, cmd_port:56100  [general_command_handler.cpp] [HandleDetectionData] [319]
[2026-08-15 21:26:44.648] [console] [info]  Receive Command: Id 258 Seq 4572  [mid360_command_handler.cpp] [Handle] [67]
[2026-08-15 21:26:45.103] [console] [info] Handle detection data, handle:2483136704, dev_type:9, sn:47MCN7H0032048, cmd_port:56100  [general_command_handler.cpp] [HandleDetectionData] [319]
[2026-08-15 21:26:45.647] [console] [info]  Receive Command: Id 258 Seq 4598  [mid360_command_handler.cpp] [Handle] [67]
[2026-08-15 21:26:46.102] [console] [info] Handle detection data, handle:2483136704, dev_type:9, sn:47MCN7H0032048, cmd_port:56100  [general_command_handler.cpp] [HandleDetectionData] [319]
[2026-08-15 21:26:46.646] [console] [info]  Receive Command: Id 258 Seq 4624  [mid360_command_handler.cpp] [Handle] [67]
[2026-08-15 21:26:47.103] [console] [info] Handle detection data, handle:2483136704, dev_type:9, sn:47MCN7H0032048, cmd_port:56100  [general_command_handler.cpp] [HandleDetectionData] [319]
[2026-08-15 21:26:47.645] [console] [info]  Receive Command: Id 258 Seq 4650  [mid360_command_handler.cpp] [Handle] [67]
[2026-08-15 21:26:48.102] [console] [info] Handle detection data, handle:2483136704, dev_type:9, sn:47MCN7H0032048, cmd_port:56100  [general_command_handler.cpp] [HandleDetectionData] [319]
[2026-08-15 21:26:48.644] [console] [info]  Receive Command: Id 258 Seq 4676  [mid360_command_handler.cpp] [Handle] [67]
[2026-08-15 21:26:49.103] [console] [info] Handle detection data, handle:2483136704, dev_type:9, sn:47MCN7H0032048, cmd_port:56100  [general_command_handler.cpp] [HandleDetectionData] [319]
[2026-08-15 21:26:49.642] [console] [info]  Receive Command: Id 258 Seq 4702  [mid360_command_handler.cpp] [Handle] [67]
[2026-08-15 21:26:50.102] [console] [info] Handle detection data, handle:2483136704, dev_type:9, sn:47MCN7H0032048, cmd_port:56100  [general_command_handler.cpp] [HandleDetectionData] [319]
[2026-08-15 21:26:50.641] [console] [info]  Receive Command: Id 258 Seq 4728  [mid360_command_handler.cpp] [Handle] [67]
[2026-08-15 21:26:51.103] [console] [info] Handle detection data, handle:2483136704, dev_type:9, sn:47MCN7H0032048, cmd_port:56100  [general_command_handler.cpp] [HandleDetectionData] [319]
[2026-08-15 21:26:51.640] [console] [info]  Receive Command: Id 258 Seq 4754  [mid360_command_handler.cpp] [Handle] [67]
[2026-08-15 21:26:52.104] [console] [info] Handle detection data, handle:2483136704, dev_type:9, sn:47MCN7H0032048, cmd_port:56100  [general_command_handler.cpp] [HandleDetectionData] [319]
[2026-08-15 21:26:52.640] [console] [info]  Receive Command: Id 258 Seq 4780  [mid360_command_handler.cpp] [Handle] [67]
[2026-08-15 21:26:53.103] [console] [info] Handle detection data, handle:2483136704, dev_type:9, sn:47MCN7H0032048, cmd_port:56100  [general_command_handler.cpp] [HandleDetectionData] [319]
[2026-08-15 21:26:53.639] [console] [info]  Receive Command: Id 258 Seq 4806  [mid360_command_handler.cpp] [Handle] [67]
[2026-08-15 21:26:54.104] [console] [info] Handle detection data, handle:2483136704, dev_type:9, sn:47MCN7H0032048, cmd_port:56100  [general_command_handler.cpp] [HandleDetectionData] [319]
[2026-08-15 21:26:54.638] [console] [info]  Receive Command: Id 258 Seq 4832  [mid360_command_handler.cpp] [Handle] [67]
[2026-08-15 21:26:55.103] [console] [info] Handle detection data, handle:2483136704, dev_type:9, sn:47MCN7H0032048, cmd_port:56100  [general_command_handler.cpp] [HandleDetectionData] [319]
[2026-08-15 21:26:55.637] [console] [info]  Receive Command: Id 258 Seq 4858  [mid360_command_handler.cpp] [Handle] [67]
[2026-08-15 21:26:56.103] [console] [info] Handle detection data, handle:2483136704, dev_type:9, sn:47MCN7H0032048, cmd_port:56100  [general_command_handler.cpp] [HandleDetectionData] [319]
[2026-08-15 21:26:56.636] [console] [info]  Receive Command: Id 258 Seq 4884  [mid360_command_handler.cpp] [Handle] [67]
[2026-08-15 21:26:57.104] [console] [info] Handle detection data, handle:2483136704, dev_type:9, sn:47MCN7H0032048, cmd_port:56100  [general_command_handler.cpp] [HandleDetectionData] [319]
[2026-08-15 21:26:57.635] [console] [info]  Receive Command: Id 258 Seq 4910  [mid360_command_handler.cpp] [Handle] [67]
[2026-08-15 21:26:58.103] [console] [info] Handle detection data, handle:2483136704, dev_type:9, sn:47MCN7H0032048, cmd_port:56100  [general_command_handler.cpp] [HandleDetectionData] [319]
[2026-08-15 21:26:58.634] [console] [info]  Receive Command: Id 258 Seq 4936  [mid360_command_handler.cpp] [Handle] [67]
[2026-08-15 21:26:59.104] [console] [info] Handle detection data, handle:2483136704, dev_type:9, sn:47MCN7H0032048, cmd_port:56100  [general_command_handler.cpp] [HandleDetectionData] [319]
[2026-08-15 21:26:59.634] [console] [info]  Receive Command: Id 258 Seq 4962  [mid360_command_handler.cpp] [Handle] [67]
[2026-08-15 21:27:00.103] [console] [info] Handle detection data, handle:2483136704, dev_type:9, sn:47MCN7H0032048, cmd_port:56100  [general_command_handler.cpp] [HandleDetectionData] [319]
[2026-08-15 21:27:00.633] [console] [info]  Receive Command: Id 258 Seq 4988  [mid360_command_handler.cpp] [Handle] [67]
[2026-08-15 21:27:01.105] [console] [info] Handle detection data, handle:2483136704, dev_type:9, sn:47MCN7H0032048, cmd_port:56100  [general_command_handler.cpp] [HandleDetectionData] [319]
[2026-08-15 21:27:01.632] [console] [info]  Receive Command: Id 258 Seq 5014  [mid360_command_handler.cpp] [Handle] [67]
[2026-08-15 21:27:02.104] [console] [info] Handle detection data, handle:2483136704, dev_type:9, sn:47MCN7H0032048, cmd_port:56100  [general_command_handler.cpp] [HandleDetectionData] [319]
[2026-08-15 21:27:02.631] [console] [info]  Receive Command: Id 258 Seq 5040  [mid360_command_handler.cpp] [Handle] [67]
[2026-08-15 21:27:03.103] [console] [info] Handle detection data, handle:2483136704, dev_type:9, sn:47MCN7H0032048, cmd_port:56100  [general_command_handler.cpp] [HandleDetectionData] [319]
[2026-08-15 21:27:03.631] [console] [info]  Receive Command: Id 258 Seq 5066  [mid360_command_handler.cpp] [Handle] [67]
[2026-08-15 21:27:04.104] [console] [info] Handle detection data, handle:2483136704, dev_type:9, sn:47MCN7H0032048, cmd_port:56100  [general_command_handler.cpp] [HandleDetectionData] [319]
[2026-08-15 21:27:04.630] [console] [info]  Receive Command: Id 258 Seq 5092  [mid360_command_handler.cpp] [Handle] [67]
[2026-08-15 21:27:05.104] [console] [info] Handle detection data, handle:2483136704, dev_type:9, sn:47MCN7H0032048, cmd_port:56100  [general_command_handler.cpp] [HandleDetectionData] [319]
[2026-08-15 21:27:05.629] [console] [info]  Receive Command: Id 258 Seq 5118  [mid360_command_handler.cpp] [Handle] [67]
[2026-08-15 21:27:06.105] [console] [info] Handle detection data, handle:2483136704, dev_type:9, sn:47MCN7H0032048, cmd_port:56100  [general_command_handler.cpp] [HandleDetectionData] [319]
[2026-08-15 21:27:06.629] [console] [info]  Receive Command: Id 258 Seq 5144  [mid360_command_handler.cpp] [Handle] [67]
[2026-08-15 21:27:07.104] [console] [info] Handle detection data, handle:2483136704, dev_type:9, sn:47MCN7H0032048, cmd_port:56100  [general_command_handler.cpp] [HandleDetectionData] [319]
[2026-08-15 21:27:07.628] [console] [info]  Receive Command: Id 258 Seq 5170  [mid360_command_handler.cpp] [Handle] [67]
[2026-08-15 21:27:08.104] [console] [info] Handle detection data, handle:2483136704, dev_type:9, sn:47MCN7H0032048, cmd_port:56100  [general_command_handler.cpp] [HandleDetectionData] [319]
[2026-08-15 21:27:08.627] [console] [info]  Receive Command: Id 258 Seq 5196  [mid360_command_handler.cpp] [Handle] [67]
[2026-08-15 21:27:09.105] [console] [info] Handle detection data, handle:2483136704, dev_type:9, sn:47MCN7H0032048, cmd_port:56100  [general_command_handler.cpp] [HandleDetectionData] [319]
[2026-08-15 21:27:09.627] [console] [info]  Receive Command: Id 258 Seq 5222  [mid360_command_handler.cpp] [Handle] [67]
[2026-08-15 21:27:10.105] [console] [info] Handle detection data, handle:2483136704, dev_type:9, sn:47MCN7H0032048, cmd_port:56100  [general_command_handler.cpp] [HandleDetectionData] [319]
[2026-08-15 21:27:10.626] [console] [info]  Receive Command: Id 258 Seq 5248  [mid360_command_handler.cpp] [Handle] [67]
[2026-08-15 21:27:11.104] [console] [info] Handle detection data, handle:2483136704, dev_type:9, sn:47MCN7H0032048, cmd_port:56100  [general_command_handler.cpp] [HandleDetectionData] [319]
[2026-08-15 21:27:11.626] [console] [info]  Receive Command: Id 258 Seq 5274  [mid360_command_handler.cpp] [Handle] [67]
[2026-08-15 21:27:12.105] [console] [info] Handle detection data, handle:2483136704, dev_type:9, sn:47MCN7H0032048, cmd_port:56100  [general_command_handler.cpp] [HandleDetectionData] [319]
[2026-08-15 21:27:12.625] [console] [info]  Receive Command: Id 258 Seq 5300  [mid360_command_handler.cpp] [Handle] [67]
[2026-08-15 21:27:13.105] [console] [info] Handle detection data, handle:2483136704, dev_type:9, sn:47MCN7H0032048, cmd_port:56100  [general_command_handler.cpp] [HandleDetectionData] [319]
[2026-08-15 21:27:13.625] [console] [info]  Receive Command: Id 258 Seq 5326  [mid360_command_handler.cpp] [Handle] [67]
[2026-08-15 21:27:14.104] [console] [info] Handle detection data, handle:2483136704, dev_type:9, sn:47MCN7H0032048, cmd_port:56100  [general_command_handler.cpp] [HandleDetectionData] [319]
[2026-08-15 21:27:14.624] [console] [info]  Receive Command: Id 258 Seq 5352  [mid360_command_handler.cpp] [Handle] [67]
[2026-08-15 21:27:15.106] [console] [info] Handle detection data, handle:2483136704, dev_type:9, sn:47MCN7H0032048, cmd_port:56100  [general_command_handler.cpp] [HandleDetectionData] [319]
[2026-08-15 21:27:15.624] [console] [info]  Receive Command: Id 258 Seq 5378  [mid360_command_handler.cpp] [Handle] [67]
[2026-08-15 21:27:16.105] [console] [info] Handle detection data, handle:2483136704, dev_type:9, sn:47MCN7H0032048, cmd_port:56100  [general_command_handler.cpp] [HandleDetectionData] [319]
[2026-08-15 21:27:16.623] [console] [info]  Receive Command: Id 258 Seq 5404  [mid360_command_handler.cpp] [Handle] [67]
[2026-08-15 21:27:17.105] [console] [info] Handle detection data, handle:2483136704, dev_type:9, sn:47MCN7H0032048, cmd_port:56100  [general_command_handler.cpp] [HandleDetectionData] [319]
[2026-08-15 21:27:17.623] [console] [info]  Receive Command: Id 258 Seq 5430  [mid360_command_handler.cpp] [Handle] [67]
[2026-08-15 21:27:18.104] [console] [info] Handle detection data, handle:2483136704, dev_type:9, sn:47MCN7H0032048, cmd_port:56100  [general_command_handler.cpp] [HandleDetectionData] [319]
[2026-08-15 21:27:18.622] [console] [info]  Receive Command: Id 258 Seq 5456  [mid360_command_handler.cpp] [Handle] [67]
[2026-08-15 21:27:19.106] [console] [info] Handle detection data, handle:2483136704, dev_type:9, sn:47MCN7H0032048, cmd_port:56100  [general_command_handler.cpp] [HandleDetectionData] [319]
[2026-08-15 21:27:19.622] [console] [info]  Receive Command: Id 258 Seq 5482  [mid360_command_handler.cpp] [Handle] [67]
[2026-08-15 21:27:20.105] [console] [info] Handle detection data, handle:2483136704, dev_type:9, sn:47MCN7H0032048, cmd_port:56100  [general_command_handler.cpp] [HandleDetectionData] [319]
[2026-08-15 21:27:20.621] [console] [info]  Receive Command: Id 258 Seq 5508  [mid360_command_handler.cpp] [Handle] [67]
[2026-08-15 21:27:21.105] [console] [info] Handle detection data, handle:2483136704, dev_type:9, sn:47MCN7H0032048, cmd_port:56100  [general_command_handler.cpp] [HandleDetectionData] [319]
[2026-08-15 21:27:21.621] [console] [info]  Receive Command: Id 258 Seq 5534  [mid360_command_handler.cpp] [Handle] [67]
[2026-08-15 21:27:22.107] [console] [info] Handle detection data, handle:2483136704, dev_type:9, sn:47MCN7H0032048, cmd_port:56100  [general_command_handler.cpp] [HandleDetectionData] [319]
[2026-08-15 21:27:22.620] [console] [info]  Receive Command: Id 258 Seq 5560  [mid360_command_handler.cpp] [Handle] [67]
[2026-08-15 21:27:23.106] [console] [info] Handle detection data, handle:2483136704, dev_type:9, sn:47MCN7H0032048, cmd_port:56100  [general_command_handler.cpp] [HandleDetectionData] [319]
[2026-08-15 21:27:23.620] [console] [info]  Receive Command: Id 258 Seq 5586  [mid360_command_handler.cpp] [Handle] [67]
[2026-08-15 21:27:24.106] [console] [info] Handle detection data, handle:2483136704, dev_type:9, sn:47MCN7H0032048, cmd_port:56100  [general_command_handler.cpp] [HandleDetectionData] [319]
[2026-08-15 21:27:24.619] [console] [info]  Receive Command: Id 258 Seq 5612  [mid360_command_handler.cpp] [Handle] [67]
[2026-08-15 21:27:25.105] [console] [info] Handle detection data, handle:2483136704, dev_type:9, sn:47MCN7H0032048, cmd_port:56100  [general_command_handler.cpp] [HandleDetectionData] [319]
[2026-08-15 21:27:25.619] [console] [info]  Receive Command: Id 258 Seq 5638  [mid360_command_handler.cpp] [Handle] [67]
[2026-08-15 21:27:26.109] [console] [info] Handle detection data, handle:2483136704, dev_type:9, sn:47MCN7H0032048, cmd_port:56100  [general_command_handler.cpp] [HandleDetectionData] [319]
[2026-08-15 21:27:26.619] [console] [info]  Receive Command: Id 258 Seq 5664  [mid360_command_handler.cpp] [Handle] [67]
[2026-08-15 21:27:27.106] [console] [info] Handle detection data, handle:2483136704, dev_type:9, sn:47MCN7H0032048, cmd_port:56100  [general_command_handler.cpp] [HandleDetectionData] [319]
[2026-08-15 21:27:27.618] [console] [info]  Receive Command: Id 258 Seq 5690  [mid360_command_handler.cpp] [Handle] [67]
[2026-08-15 21:27:28.106] [console] [info] Handle detection data, handle:2483136704, dev_type:9, sn:47MCN7H0032048, cmd_port:56100  [general_command_handler.cpp] [HandleDetectionData] [319]
[2026-08-15 21:27:28.618] [console] [info]  Receive Command: Id 258 Seq 5716  [mid360_command_handler.cpp] [Handle] [67]
[2026-08-15 21:27:29.106] [console] [info] Handle detection data, handle:2483136704, dev_type:9, sn:47MCN7H0032048, cmd_port:56100  [general_command_handler.cpp] [HandleDetectionData] [319]
[2026-08-15 21:27:29.617] [console] [info]  Receive Command: Id 258 Seq 5742  [mid360_command_handler.cpp] [Handle] [67]
[2026-08-15 21:27:30.105] [console] [info] Handle detection data, handle:2483136704, dev_type:9, sn:47MCN7H0032048, cmd_port:56100  [general_command_handler.cpp] [HandleDetectionData] [319]
[2026-08-15 21:27:30.617] [console] [info]  Receive Command: Id 258 Seq 5768  [mid360_command_handler.cpp] [Handle] [67]
[2026-08-15 21:27:31.107] [console] [info] Handle detection data, handle:2483136704, dev_type:9, sn:47MCN7H0032048, cmd_port:56100  [general_command_handler.cpp] [HandleDetectionData] [319]
[2026-08-15 21:27:31.617] [console] [info]  Receive Command: Id 258 Seq 5794  [mid360_command_handler.cpp] [Handle] [67]
[2026-08-15 21:27:32.107] [console] [info] Handle detection data, handle:2483136704, dev_type:9, sn:47MCN7H0032048, cmd_port:56100  [general_command_handler.cpp] [HandleDetectionData] [319]
[2026-08-15 21:27:32.616] [console] [info]  Receive Command: Id 258 Seq 5820  [mid360_command_handler.cpp] [Handle] [67]
[2026-08-15 21:27:33.106] [console] [info] Handle detection data, handle:2483136704, dev_type:9, sn:47MCN7H0032048, cmd_port:56100  [general_command_handler.cpp] [HandleDetectionData] [319]
[2026-08-15 21:27:33.616] [console] [info]  Receive Command: Id 258 Seq 5846  [mid360_command_handler.cpp] [Handle] [67]
[2026-08-15 21:27:34.106] [console] [info] Handle detection data, handle:2483136704, dev_type:9, sn:47MCN7H0032048, cmd_port:56100  [general_command_handler.cpp] [HandleDetectionData] [319]
[2026-08-15 21:27:34.616] [console] [info]  Receive Command: Id 258 Seq 5872  [mid360_command_handler.cpp] [Handle] [67]
[2026-08-15 21:27:35.108] [console] [info] Handle detection data, handle:2483136704, dev_type:9, sn:47MCN7H0032048, cmd_port:56100  [general_command_handler.cpp] [HandleDetectionData] [319]
[2026-08-15 21:27:35.615] [console] [info]  Receive Command: Id 258 Seq 5898  [mid360_command_handler.cpp] [Handle] [67]
[2026-08-15 21:27:36.107] [console] [info] Handle detection data, handle:2483136704, dev_type:9, sn:47MCN7H0032048, cmd_port:56100  [general_command_handler.cpp] [HandleDetectionData] [319]
[2026-08-15 21:27:36.615] [console] [info]  Receive Command: Id 258 Seq 5924  [mid360_command_handler.cpp] [Handle] [67]
[2026-08-15 21:27:37.109] [console] [info] Handle detection data, handle:2483136704, dev_type:9, sn:47MCN7H0032048, cmd_port:56100  [general_command_handler.cpp] [HandleDetectionData] [319]
[2026-08-15 21:27:37.615] [console] [info]  Receive Command: Id 258 Seq 5950  [mid360_command_handler.cpp] [Handle] [67]
[2026-08-15 21:27:38.107] [console] [info] Handle detection data, handle:2483136704, dev_type:9, sn:47MCN7H0032048, cmd_port:56100  [general_command_handler.cpp] [HandleDetectionData] [319]
[2026-08-15 21:27:38.615] [console] [info]  Receive Command: Id 258 Seq 5976  [mid360_command_handler.cpp] [Handle] [67]
[2026-08-15 21:27:39.106] [console] [info] Handle detection data, handle:2483136704, dev_type:9, sn:47MCN7H0032048, cmd_port:56100  [general_command_handler.cpp] [HandleDetectionData] [319]
[2026-08-15 21:27:39.614] [console] [info]  Receive Command: Id 258 Seq 6002  [mid360_command_handler.cpp] [Handle] [67]
[2026-08-15 21:27:40.108] [console] [info] Handle detection data, handle:2483136704, dev_type:9, sn:47MCN7H0032048, cmd_port:56100  [general_command_handler.cpp] [HandleDetectionData] [319]
[2026-08-15 21:27:40.614] [console] [info]  Receive Command: Id 258 Seq 6028  [mid360_command_handler.cpp] [Handle] [67]
[2026-08-15 21:27:41.108] [console] [info] Handle detection data, handle:2483136704, dev_type:9, sn:47MCN7H0032048, cmd_port:56100  [general_command_handler.cpp] [HandleDetectionData] [319]
[2026-08-15 21:27:41.614] [console] [info]  Receive Command: Id 258 Seq 6054  [mid360_command_handler.cpp] [Handle] [67]
[2026-08-15 21:27:42.107] [console] [info] Handle detection data, handle:2483136704, dev_type:9, sn:47MCN7H0032048, cmd_port:56100  [general_command_handler.cpp] [HandleDetectionData] [319]
[2026-08-15 21:27:42.613] [console] [info]  Receive Command: Id 258 Seq 6080  [mid360_command_handler.cpp] [Handle] [67]
[2026-08-15 21:27:43.107] [console] [info] Handle detection data, handle:2483136704, dev_type:9, sn:47MCN7H0032048, cmd_port:56100  [general_command_handler.cpp] [HandleDetectionData] [319]
[2026-08-15 21:27:43.613] [console] [info]  Receive Command: Id 258 Seq 6106  [mid360_command_handler.cpp] [Handle] [67]
[2026-08-15 21:27:44.107] [console] [info] Handle detection data, handle:2483136704, dev_type:9, sn:47MCN7H0032048, cmd_port:56100  [general_command_handler.cpp] [HandleDetectionData] [319]
[2026-08-15 21:27:44.613] [console] [info]  Receive Command: Id 258 Seq 6132  [mid360_command_handler.cpp] [Handle] [67]
[2026-08-15 21:27:45.107] [console] [info] Handle detection data, handle:2483136704, dev_type:9, sn:47MCN7H0032048, cmd_port:56100  [general_command_handler.cpp] [HandleDetectionData] [319]
[2026-08-15 21:27:45.613] [console] [info]  Receive Command: Id 258 Seq 6158  [mid360_command_handler.cpp] [Handle] [67]
[2026-08-15 21:27:46.108] [console] [info] Handle detection data, handle:2483136704, dev_type:9, sn:47MCN7H0032048, cmd_port:56100  [general_command_handler.cpp] [HandleDetectionData] [319]
[2026-08-15 21:27:46.612] [console] [info]  Receive Command: Id 258 Seq 6184  [mid360_command_handler.cpp] [Handle] [67]
[2026-08-15 21:27:47.108] [console] [info] Handle detection data, handle:2483136704, dev_type:9, sn:47MCN7H0032048, cmd_port:56100  [general_command_handler.cpp] [HandleDetectionData] [319]
[2026-08-15 21:27:47.612] [console] [info]  Receive Command: Id 258 Seq 6210  [mid360_command_handler.cpp] [Handle] [67]
[2026-08-15 21:27:48.108] [console] [info] Handle detection data, handle:2483136704, dev_type:9, sn:47MCN7H0032048, cmd_port:56100  [general_command_handler.cpp] [HandleDetectionData] [319]
[2026-08-15 21:27:48.612] [console] [info]  Receive Command: Id 258 Seq 6236  [mid360_command_handler.cpp] [Handle] [67]
[2026-08-15 21:27:49.108] [console] [info] Handle detection data, handle:2483136704, dev_type:9, sn:47MCN7H0032048, cmd_port:56100  [general_command_handler.cpp] [HandleDetectionData] [319]
[2026-08-15 21:27:49.611] [console] [info]  Receive Command: Id 258 Seq 6262  [mid360_command_handler.cpp] [Handle] [67]
[2026-08-15 21:27:50.107] [console] [info] Handle detection data, handle:2483136704, dev_type:9, sn:47MCN7H0032048, cmd_port:56100  [general_command_handler.cpp] [HandleDetectionData] [319]
[2026-08-15 21:27:50.611] [console] [info]  Receive Command: Id 258 Seq 6288  [mid360_command_handler.cpp] [Handle] [67]
[2026-08-15 21:27:51.107] [console] [info] Handle detection data, handle:2483136704, dev_type:9, sn:47MCN7H0032048, cmd_port:56100  [general_command_handler.cpp] [HandleDetectionData] [319]
[2026-08-15 21:27:51.611] [console] [info]  Receive Command: Id 258 Seq 6314  [mid360_command_handler.cpp] [Handle] [67]
[2026-08-15 21:27:52.109] [console] [info] Handle detection data, handle:2483136704, dev_type:9, sn:47MCN7H0032048, cmd_port:56100  [general_command_handler.cpp] [HandleDetectionData] [319]
[2026-08-15 21:27:52.611] [console] [info]  Receive Command: Id 258 Seq 6340  [mid360_command_handler.cpp] [Handle] [67]
[2026-08-15 21:27:53.109] [console] [info] Handle detection data, handle:2483136704, dev_type:9, sn:47MCN7H0032048, cmd_port:56100  [general_command_handler.cpp] [HandleDetectionData] [319]
[2026-08-15 21:27:53.611] [console] [info]  Receive Command: Id 258 Seq 6366  [mid360_command_handler.cpp] [Handle] [67]
[2026-08-15 21:27:54.108] [console] [info] Handle detection data, handle:2483136704, dev_type:9, sn:47MCN7H0032048, cmd_port:56100  [general_command_handler.cpp] [HandleDetectionData] [319]
[2026-08-15 21:27:54.610] [console] [info]  Receive Command: Id 258 Seq 6392  [mid360_command_handler.cpp] [Handle] [67]
[2026-08-15 21:27:55.108] [console] [info] Handle detection data, handle:2483136704, dev_type:9, sn:47MCN7H0032048, cmd_port:56100  [general_command_handler.cpp] [HandleDetectionData] [319]
[2026-08-15 21:27:55.610] [console] [info]  Receive Command: Id 258 Seq 6418  [mid360_command_handler.cpp] [Handle] [67]
[2026-08-15 21:27:56.108] [console] [info] Handle detection data, handle:2483136704, dev_type:9, sn:47MCN7H0032048, cmd_port:56100  [general_command_handler.cpp] [HandleDetectionData] [319]
[2026-08-15 21:27:56.610] [console] [info]  Receive Command: Id 258 Seq 6444  [mid360_command_handler.cpp] [Handle] [67]
[2026-08-15 21:27:57.108] [console] [info] Handle detection data, handle:2483136704, dev_type:9, sn:47MCN7H0032048, cmd_port:56100  [general_command_handler.cpp] [HandleDetectionData] [319]
[2026-08-15 21:27:57.610] [console] [info]  Receive Command: Id 258 Seq 6470  [mid360_command_handler.cpp] [Handle] [67]
[2026-08-15 21:27:58.108] [console] [info] Handle detection data, handle:2483136704, dev_type:9, sn:47MCN7H0032048, cmd_port:56100  [general_command_handler.cpp] [HandleDetectionData] [319]
[2026-08-15 21:27:58.609] [console] [info]  Receive Command: Id 258 Seq 6496  [mid360_command_handler.cpp] [Handle] [67]
[2026-08-15 21:27:59.109] [console] [info] Handle detection data, handle:2483136704, dev_type:9, sn:47MCN7H0032048, cmd_port:56100  [general_command_handler.cpp] [HandleDetectionData] [319]
[2026-08-15 21:27:59.609] [console] [info]  Receive Command: Id 258 Seq 6522  [mid360_command_handler.cpp] [Handle] [67]
[2026-08-15 21:28:00.109] [console] [info] Handle detection data, handle:2483136704, dev_type:9, sn:47MCN7H0032048, cmd_port:56100  [general_command_handler.cpp] [HandleDetectionData] [319]
[2026-08-15 21:28:00.609] [console] [info]  Receive Command: Id 258 Seq 6548  [mid360_command_handler.cpp] [Handle] [67]
[2026-08-15 21:28:01.109] [console] [info] Handle detection data, handle:2483136704, dev_type:9, sn:47MCN7H0032048, cmd_port:56100  [general_command_handler.cpp] [HandleDetectionData] [319]
[2026-08-15 21:28:01.609] [console] [info]  Receive Command: Id 258 Seq 6574  [mid360_command_handler.cpp] [Handle] [67]
[2026-08-15 21:28:02.109] [console] [info] Handle detection data, handle:2483136704, dev_type:9, sn:47MCN7H0032048, cmd_port:56100  [general_command_handler.cpp] [HandleDetectionData] [319]
[2026-08-15 21:28:02.609] [console] [info]  Receive Command: Id 258 Seq 6600  [mid360_command_handler.cpp] [Handle] [67]
[2026-08-15 21:28:03.109] [console] [info] Handle detection data, handle:2483136704, dev_type:9, sn:47MCN7H0032048, cmd_port:56100  [general_command_handler.cpp] [HandleDetectionData] [319]
[2026-08-15 21:28:03.608] [console] [info]  Receive Command: Id 258 Seq 6626  [mid360_command_handler.cpp] [Handle] [67]
[2026-08-15 21:28:04.108] [console] [info] Handle detection data, handle:2483136704, dev_type:9, sn:47MCN7H0032048, cmd_port:56100  [general_command_handler.cpp] [HandleDetectionData] [319]
[2026-08-15 21:28:04.608] [console] [info]  Receive Command: Id 258 Seq 6652  [mid360_command_handler.cpp] [Handle] [67]
[2026-08-15 21:28:05.110] [console] [info] Handle detection data, handle:2483136704, dev_type:9, sn:47MCN7H0032048, cmd_port:56100  [general_command_handler.cpp] [HandleDetectionData] [319]
[2026-08-15 21:28:05.608] [console] [info]  Receive Command: Id 258 Seq 6678  [mid360_command_handler.cpp] [Handle] [67]
[2026-08-15 21:28:06.110] [console] [info] Handle detection data, handle:2483136704, dev_type:9, sn:47MCN7H0032048, cmd_port:56100  [general_command_handler.cpp] [HandleDetectionData] [319]
[2026-08-15 21:28:06.608] [console] [info]  Receive Command: Id 258 Seq 6704  [mid360_command_handler.cpp] [Handle] [67]
[2026-08-15 21:28:07.110] [console] [info] Handle detection data, handle:2483136704, dev_type:9, sn:47MCN7H0032048, cmd_port:56100  [general_command_handler.cpp] [HandleDetectionData] [319]
[2026-08-15 21:28:07.608] [console] [info]  Receive Command: Id 258 Seq 6730  [mid360_command_handler.cpp] [Handle] [67]
[2026-08-15 21:28:08.110] [console] [info] Handle detection data, handle:2483136704, dev_type:9, sn:47MCN7H0032048, cmd_port:56100  [general_command_handler.cpp] [HandleDetectionData] [319]
[2026-08-15 21:28:08.607] [console] [info]  Receive Command: Id 258 Seq 6756  [mid360_command_handler.cpp] [Handle] [67]
[2026-08-15 21:28:09.109] [console] [info] Handle detection data, handle:2483136704, dev_type:9, sn:47MCN7H0032048, cmd_port:56100  [general_command_handler.cpp] [HandleDetectionData] [319]
[2026-08-15 21:28:09.607] [console] [info]  Receive Command: Id 258 Seq 6782  [mid360_command_handler.cpp] [Handle] [67]
[2026-08-15 21:28:10.109] [console] [info] Handle detection data, handle:2483136704, dev_type:9, sn:47MCN7H0032048, cmd_port:56100  [general_command_handler.cpp] [HandleDetectionData] [319]
[2026-08-15 21:28:10.607] [console] [info]  Receive Command: Id 258 Seq 6808  [mid360_command_handler.cpp] [Handle] [67]
[2026-08-15 21:28:11.109] [console] [info] Handle detection data, handle:2483136704, dev_type:9, sn:47MCN7H0032048, cmd_port:56100  [general_command_handler.cpp] [HandleDetectionData] [319]
[2026-08-15 21:28:11.607] [console] [info]  Receive Command: Id 258 Seq 6834  [mid360_command_handler.cpp] [Handle] [67]
[2026-08-15 21:28:12.109] [console] [info] Handle detection data, handle:2483136704, dev_type:9, sn:47MCN7H0032048, cmd_port:56100  [general_command_handler.cpp] [HandleDetectionData] [319]
[2026-08-15 21:28:12.607] [console] [info]  Receive Command: Id 258 Seq 6860  [mid360_command_handler.cpp] [Handle] [67]
[2026-08-15 21:28:13.111] [console] [info] Handle detection data, handle:2483136704, dev_type:9, sn:47MCN7H0032048, cmd_port:56100  [general_command_handler.cpp] [HandleDetectionData] [319]
[2026-08-15 21:28:13.607] [console] [info]  Receive Command: Id 258 Seq 6886  [mid360_command_handler.cpp] [Handle] [67]
[2026-08-15 21:28:14.110] [console] [info] Handle detection data, handle:2483136704, dev_type:9, sn:47MCN7H0032048, cmd_port:56100  [general_command_handler.cpp] [HandleDetectionData] [319]
[2026-08-15 21:28:14.606] [console] [info]  Receive Command: Id 258 Seq 6912  [mid360_command_handler.cpp] [Handle] [67]
[2026-08-15 21:28:15.110] [console] [info] Handle detection data, handle:2483136704, dev_type:9, sn:47MCN7H0032048, cmd_port:56100  [general_command_handler.cpp] [HandleDetectionData] [319]
[2026-08-15 21:28:15.606] [console] [info]  Receive Command: Id 258 Seq 6938  [mid360_command_handler.cpp] [Handle] [67]
[2026-08-15 21:28:16.110] [console] [info] Handle detection data, handle:2483136704, dev_type:9, sn:47MCN7H0032048, cmd_port:56100  [general_command_handler.cpp] [HandleDetectionData] [319]
[2026-08-15 21:28:16.606] [console] [info]  Receive Command: Id 258 Seq 6964  [mid360_command_handler.cpp] [Handle] [67]
[2026-08-15 21:28:17.110] [console] [info] Handle detection data, handle:2483136704, dev_type:9, sn:47MCN7H0032048, cmd_port:56100  [general_command_handler.cpp] [HandleDetectionData] [319]
[2026-08-15 21:28:17.606] [console] [info]  Receive Command: Id 258 Seq 6990  [mid360_command_handler.cpp] [Handle] [67]
[2026-08-15 21:28:18.110] [console] [info] Handle detection data, handle:2483136704, dev_type:9, sn:47MCN7H0032048, cmd_port:56100  [general_command_handler.cpp] [HandleDetectionData] [319]
[2026-08-15 21:28:18.606] [console] [info]  Receive Command: Id 258 Seq 7016  [mid360_command_handler.cpp] [Handle] [67]
[2026-08-15 21:28:19.110] [console] [info] Handle detection data, handle:2483136704, dev_type:9, sn:47MCN7H0032048, cmd_port:56100  [general_command_handler.cpp] [HandleDetectionData] [319]
[2026-08-15 21:28:19.605] [console] [info]  Receive Command: Id 258 Seq 7042  [mid360_command_handler.cpp] [Handle] [67]
[2026-08-15 21:28:20.111] [console] [info] Handle detection data, handle:2483136704, dev_type:9, sn:47MCN7H0032048, cmd_port:56100  [general_command_handler.cpp] [HandleDetectionData] [319]
[2026-08-15 21:28:20.605] [console] [info]  Receive Command: Id 258 Seq 7068  [mid360_command_handler.cpp] [Handle] [67]
[2026-08-15 21:28:21.111] [console] [info] Handle detection data, handle:2483136704, dev_type:9, sn:47MCN7H0032048, cmd_port:56100  [general_command_handler.cpp] [HandleDetectionData] [319]
[2026-08-15 21:28:21.605] [console] [info]  Receive Command: Id 258 Seq 7094  [mid360_command_handler.cpp] [Handle] [67]
[2026-08-15 21:28:22.111] [console] [info] Handle detection data, handle:2483136704, dev_type:9, sn:47MCN7H0032048, cmd_port:56100  [general_command_handler.cpp] [HandleDetectionData] [319]
[2026-08-15 21:28:22.605] [console] [info]  Receive Command: Id 258 Seq 7120  [mid360_command_handler.cpp] [Handle] [67]
[2026-08-15 21:28:23.111] [console] [info] Handle detection data, handle:2483136704, dev_type:9, sn:47MCN7H0032048, cmd_port:56100  [general_command_handler.cpp] [HandleDetectionData] [319]
[2026-08-15 21:28:23.605] [console] [info]  Receive Command: Id 258 Seq 7146  [mid360_command_handler.cpp] [Handle] [67]
[2026-08-15 21:28:24.111] [console] [info] Handle detection data, handle:2483136704, dev_type:9, sn:47MCN7H0032048, cmd_port:56100  [general_command_handler.cpp] [HandleDetectionData] [319]
[2026-08-15 21:28:24.605] [console] [info]  Receive Command: Id 258 Seq 7172  [mid360_command_handler.cpp] [Handle] [67]
[2026-08-15 21:28:25.111] [console] [info] Handle detection data, handle:2483136704, dev_type:9, sn:47MCN7H0032048, cmd_port:56100  [general_command_handler.cpp] [HandleDetectionData] [319]
[2026-08-15 21:28:25.605] [console] [info]  Receive Command: Id 258 Seq 7198  [mid360_command_handler.cpp] [Handle] [67]
[2026-08-15 21:28:26.110] [console] [info] Handle detection data, handle:2483136704, dev_type:9, sn:47MCN7H0032048, cmd_port:56100  [general_command_handler.cpp] [HandleDetectionData] [319]
[2026-08-15 21:28:26.604] [console] [info]  Receive Command: Id 258 Seq 7224  [mid360_command_handler.cpp] [Handle] [67]
[2026-08-15 21:28:27.110] [console] [info] Handle detection data, handle:2483136704, dev_type:9, sn:47MCN7H0032048, cmd_port:56100  [general_command_handler.cpp] [HandleDetectionData] [319]
[2026-08-15 21:28:27.604] [console] [info]  Receive Command: Id 258 Seq 7250  [mid360_command_handler.cpp] [Handle] [67]
[2026-08-15 21:28:28.112] [console] [info] Handle detection data, handle:2483136704, dev_type:9, sn:47MCN7H0032048, cmd_port:56100  [general_command_handler.cpp] [HandleDetectionData] [319]
[2026-08-15 21:28:28.604] [console] [info]  Receive Command: Id 258 Seq 7276  [mid360_command_handler.cpp] [Handle] [67]
[2026-08-15 21:28:29.112] [console] [info] Handle detection data, handle:2483136704, dev_type:9, sn:47MCN7H0032048, cmd_port:56100  [general_command_handler.cpp] [HandleDetectionData] [319]
[2026-08-15 21:28:29.604] [console] [info]  Receive Command: Id 258 Seq 7302  [mid360_command_handler.cpp] [Handle] [67]
[2026-08-15 21:28:30.112] [console] [info] Handle detection data, handle:2483136704, dev_type:9, sn:47MCN7H0032048, cmd_port:56100  [general_command_handler.cpp] [HandleDetectionData] [319]
[2026-08-15 21:28:30.604] [console] [info]  Receive Command: Id 258 Seq 7328  [mid360_command_handler.cpp] [Handle] [67]
[2026-08-15 21:28:31.112] [console] [info] Handle detection data, handle:2483136704, dev_type:9, sn:47MCN7H0032048, cmd_port:56100  [general_command_handler.cpp] [HandleDetectionData] [319]
[2026-08-15 21:28:31.604] [console] [info]  Receive Command: Id 258 Seq 7354  [mid360_command_handler.cpp] [Handle] [67]
[2026-08-15 21:28:32.112] [console] [info] Handle detection data, handle:2483136704, dev_type:9, sn:47MCN7H0032048, cmd_port:56100  [general_command_handler.cpp] [HandleDetectionData] [319]
[2026-08-15 21:28:32.603] [console] [info]  Receive Command: Id 258 Seq 7380  [mid360_command_handler.cpp] [Handle] [67]
[2026-08-15 21:28:33.111] [console] [info] Handle detection data, handle:2483136704, dev_type:9, sn:47MCN7H0032048, cmd_port:56100  [general_command_handler.cpp] [HandleDetectionData] [319]
[2026-08-15 21:28:33.603] [console] [info]  Receive Command: Id 258 Seq 7406  [mid360_command_handler.cpp] [Handle] [67]
[2026-08-15 21:28:34.111] [console] [info] Handle detection data, handle:2483136704, dev_type:9, sn:47MCN7H0032048, cmd_port:56100  [general_command_handler.cpp] [HandleDetectionData] [319]
[2026-08-15 21:28:34.603] [console] [info]  Receive Command: Id 258 Seq 7432  [mid360_command_handler.cpp] [Handle] [67]
[2026-08-15 21:28:35.111] [console] [info] Handle detection data, handle:2483136704, dev_type:9, sn:47MCN7H0032048, cmd_port:56100  [general_command_handler.cpp] [HandleDetectionData] [319]
[2026-08-15 21:28:35.603] [console] [info]  Receive Command: Id 258 Seq 7458  [mid360_command_handler.cpp] [Handle] [67]
[2026-08-15 21:28:36.111] [console] [info] Handle detection data, handle:2483136704, dev_type:9, sn:47MCN7H0032048, cmd_port:56100  [general_command_handler.cpp] [HandleDetectionData] [319]
[2026-08-15 21:28:36.603] [console] [info]  Receive Command: Id 258 Seq 7484  [mid360_command_handler.cpp] [Handle] [67]
[2026-08-15 21:28:37.113] [console] [info] Handle detection data, handle:2483136704, dev_type:9, sn:47MCN7H0032048, cmd_port:56100  [general_command_handler.cpp] [HandleDetectionData] [319]
[2026-08-15 21:28:37.603] [console] [info]  Receive Command: Id 258 Seq 7510  [mid360_command_handler.cpp] [Handle] [67]
[2026-08-15 21:28:38.113] [console] [info] Handle detection data, handle:2483136704, dev_type:9, sn:47MCN7H0032048, cmd_port:56100  [general_command_handler.cpp] [HandleDetectionData] [319]
[2026-08-15 21:28:38.603] [console] [info]  Receive Command: Id 258 Seq 7536  [mid360_command_handler.cpp] [Handle] [67]
[2026-08-15 21:28:39.113] [console] [info] Handle detection data, handle:2483136704, dev_type:9, sn:47MCN7H0032048, cmd_port:56100  [general_command_handler.cpp] [HandleDetectionData] [319]
[2026-08-15 21:28:39.602] [console] [info]  Receive Command: Id 258 Seq 7562  [mid360_command_handler.cpp] [Handle] [67]
[2026-08-15 21:28:40.113] [console] [info] Handle detection data, handle:2483136704, dev_type:9, sn:47MCN7H0032048, cmd_port:56100  [general_command_handler.cpp] [HandleDetectionData] [319]
[2026-08-15 21:28:40.602] [console] [info]  Receive Command: Id 258 Seq 7588  [mid360_command_handler.cpp] [Handle] [67]
[2026-08-15 21:28:41.112] [console] [info] Handle detection data, handle:2483136704, dev_type:9, sn:47MCN7H0032048, cmd_port:56100  [general_command_handler.cpp] [HandleDetectionData] [319]
[2026-08-15 21:28:41.602] [console] [info]  Receive Command: Id 258 Seq 7614  [mid360_command_handler.cpp] [Handle] [67]
[2026-08-15 21:28:42.112] [console] [info] Handle detection data, handle:2483136704, dev_type:9, sn:47MCN7H0032048, cmd_port:56100  [general_command_handler.cpp] [HandleDetectionData] [319]
[2026-08-15 21:28:42.602] [console] [info]  Receive Command: Id 258 Seq 7640  [mid360_command_handler.cpp] [Handle] [67]
[2026-08-15 21:28:43.112] [console] [info] Handle detection data, handle:2483136704, dev_type:9, sn:47MCN7H0032048, cmd_port:56100  [general_command_handler.cpp] [HandleDetectionData] [319]
[2026-08-15 21:28:43.602] [console] [info]  Receive Command: Id 258 Seq 7666  [mid360_command_handler.cpp] [Handle] [67]
[2026-08-15 21:28:44.112] [console] [info] Handle detection data, handle:2483136704, dev_type:9, sn:47MCN7H0032048, cmd_port:56100  [general_command_handler.cpp] [HandleDetectionData] [319]
[2026-08-15 21:28:44.602] [console] [info]  Receive Command: Id 258 Seq 7692  [mid360_command_handler.cpp] [Handle] [67]
[2026-08-15 21:28:45.112] [console] [info] Handle detection data, handle:2483136704, dev_type:9, sn:47MCN7H0032048, cmd_port:56100  [general_command_handler.cpp] [HandleDetectionData] [319]
[2026-08-15 21:28:45.602] [console] [info]  Receive Command: Id 258 Seq 7718  [mid360_command_handler.cpp] [Handle] [67]
[2026-08-15 21:28:46.114] [console] [info] Handle detection data, handle:2483136704, dev_type:9, sn:47MCN7H0032048, cmd_port:56100  [general_command_handler.cpp] [HandleDetectionData] [319]
[2026-08-15 21:28:46.601] [console] [info]  Receive Command: Id 258 Seq 7744  [mid360_command_handler.cpp] [Handle] [67]
[2026-08-15 21:28:47.113] [console] [info] Handle detection data, handle:2483136704, dev_type:9, sn:47MCN7H0032048, cmd_port:56100  [general_command_handler.cpp] [HandleDetectionData] [319]
[2026-08-15 21:28:47.601] [console] [info]  Receive Command: Id 258 Seq 7770  [mid360_command_handler.cpp] [Handle] [67]
[2026-08-15 21:28:48.113] [console] [info] Handle detection data, handle:2483136704, dev_type:9, sn:47MCN7H0032048, cmd_port:56100  [general_command_handler.cpp] [HandleDetectionData] [319]
[2026-08-15 21:28:48.601] [console] [info]  Receive Command: Id 258 Seq 7796  [mid360_command_handler.cpp] [Handle] [67]
[2026-08-15 21:28:49.113] [console] [info] Handle detection data, handle:2483136704, dev_type:9, sn:47MCN7H0032048, cmd_port:56100  [general_command_handler.cpp] [HandleDetectionData] [319]
[2026-08-15 21:28:49.601] [console] [info]  Receive Command: Id 258 Seq 7822  [mid360_command_handler.cpp] [Handle] [67]
[2026-08-15 21:28:50.113] [console] [info] Handle detection data, handle:2483136704, dev_type:9, sn:47MCN7H0032048, cmd_port:56100  [general_command_handler.cpp] [HandleDetectionData] [319]
[2026-08-15 21:28:50.601] [console] [info]  Receive Command: Id 258 Seq 7848  [mid360_command_handler.cpp] [Handle] [67]
[2026-08-15 21:28:51.113] [console] [info] Handle detection data, handle:2483136704, dev_type:9, sn:47MCN7H0032048, cmd_port:56100  [general_command_handler.cpp] [HandleDetectionData] [319]
[2026-08-15 21:28:51.601] [console] [info]  Receive Command: Id 258 Seq 7874  [mid360_command_handler.cpp] [Handle] [67]
[2026-08-15 21:28:52.114] [console] [info] Handle detection data, handle:2483136704, dev_type:9, sn:47MCN7H0032048, cmd_port:56100  [general_command_handler.cpp] [HandleDetectionData] [319]
[2026-08-15 21:28:52.602] [console] [info]  Receive Command: Id 258 Seq 7900  [mid360_command_handler.cpp] [Handle] [67]
[2026-08-15 21:28:53.114] [console] [info] Handle detection data, handle:2483136704, dev_type:9, sn:47MCN7H0032048, cmd_port:56100  [general_command_handler.cpp] [HandleDetectionData] [319]
[2026-08-15 21:28:53.602] [console] [info]  Receive Command: Id 258 Seq 7926  [mid360_command_handler.cpp] [Handle] [67]
[2026-08-15 21:28:54.113] [console] [info] Handle detection data, handle:2483136704, dev_type:9, sn:47MCN7H0032048, cmd_port:56100  [general_command_handler.cpp] [HandleDetectionData] [319]
[2026-08-15 21:28:54.603] [console] [info]  Receive Command: Id 258 Seq 7952  [mid360_command_handler.cpp] [Handle] [67]
[2026-08-15 21:28:55.113] [console] [info] Handle detection data, handle:2483136704, dev_type:9, sn:47MCN7H0032048, cmd_port:56100  [general_command_handler.cpp] [HandleDetectionData] [319]
[2026-08-15 21:28:55.604] [console] [info]  Receive Command: Id 258 Seq 7978  [mid360_command_handler.cpp] [Handle] [67]
[2026-08-15 21:28:56.114] [console] [info] Handle detection data, handle:2483136704, dev_type:9, sn:47MCN7H0032048, cmd_port:56100  [general_command_handler.cpp] [HandleDetectionData] [319]
[2026-08-15 21:28:56.604] [console] [info]  Receive Command: Id 258 Seq 8004  [mid360_command_handler.cpp] [Handle] [67]
[2026-08-15 21:28:57.115] [console] [info] Handle detection data, handle:2483136704, dev_type:9, sn:47MCN7H0032048, cmd_port:56100  [general_command_handler.cpp] [HandleDetectionData] [319]
[2026-08-15 21:28:57.605] [console] [info]  Receive Command: Id 258 Seq 8030  [mid360_command_handler.cpp] [Handle] [67]
[2026-08-15 21:28:58.113] [console] [info] Handle detection data, handle:2483136704, dev_type:9, sn:47MCN7H0032048, cmd_port:56100  [general_command_handler.cpp] [HandleDetectionData] [319]
[2026-08-15 21:28:58.605] [console] [info]  Receive Command: Id 258 Seq 8056  [mid360_command_handler.cpp] [Handle] [67]
[2026-08-15 21:28:59.114] [console] [info] Handle detection data, handle:2483136704, dev_type:9, sn:47MCN7H0032048, cmd_port:56100  [general_command_handler.cpp] [HandleDetectionData] [319]
[2026-08-15 21:28:59.606] [console] [info]  Receive Command: Id 258 Seq 8082  [mid360_command_handler.cpp] [Handle] [67]
[2026-08-15 21:29:00.114] [console] [info] Handle detection data, handle:2483136704, dev_type:9, sn:47MCN7H0032048, cmd_port:56100  [general_command_handler.cpp] [HandleDetectionData] [319]
[2026-08-15 21:29:00.606] [console] [info]  Receive Command: Id 258 Seq 8108  [mid360_command_handler.cpp] [Handle] [67]
[2026-08-15 21:29:01.115] [console] [info] Handle detection data, handle:2483136704, dev_type:9, sn:47MCN7H0032048, cmd_port:56100  [general_command_handler.cpp] [HandleDetectionData] [319]
[2026-08-15 21:29:01.607] [console] [info]  Receive Command: Id 258 Seq 8134  [mid360_command_handler.cpp] [Handle] [67]
[2026-08-15 21:29:02.115] [console] [info] Handle detection data, handle:2483136704, dev_type:9, sn:47MCN7H0032048, cmd_port:56100  [general_command_handler.cpp] [HandleDetectionData] [319]
[2026-08-15 21:29:02.607] [console] [info]  Receive Command: Id 258 Seq 8160  [mid360_command_handler.cpp] [Handle] [67]
[2026-08-15 21:29:03.114] [console] [info] Handle detection data, handle:2483136704, dev_type:9, sn:47MCN7H0032048, cmd_port:56100  [general_command_handler.cpp] [HandleDetectionData] [319]
[2026-08-15 21:29:03.608] [console] [info]  Receive Command: Id 258 Seq 8186  [mid360_command_handler.cpp] [Handle] [67]
[2026-08-15 21:29:04.114] [console] [info] Handle detection data, handle:2483136704, dev_type:9, sn:47MCN7H0032048, cmd_port:56100  [general_command_handler.cpp] [HandleDetectionData] [319]
[2026-08-15 21:29:04.608] [console] [info]  Receive Command: Id 258 Seq 8212  [mid360_command_handler.cpp] [Handle] [67]
[2026-08-15 21:29:05.114] [console] [info] Handle detection data, handle:2483136704, dev_type:9, sn:47MCN7H0032048, cmd_port:56100  [general_command_handler.cpp] [HandleDetectionData] [319]
[2026-08-15 21:29:05.609] [console] [info]  Receive Command: Id 258 Seq 8238  [mid360_command_handler.cpp] [Handle] [67]
[2026-08-15 21:29:06.115] [console] [info] Handle detection data, handle:2483136704, dev_type:9, sn:47MCN7H0032048, cmd_port:56100  [general_command_handler.cpp] [HandleDetectionData] [319]
[2026-08-15 21:29:06.609] [console] [info]  Receive Command: Id 258 Seq 8264  [mid360_command_handler.cpp] [Handle] [67]
[2026-08-15 21:29:07.115] [console] [info] Handle detection data, handle:2483136704, dev_type:9, sn:47MCN7H0032048, cmd_port:56100  [general_command_handler.cpp] [HandleDetectionData] [319]
[2026-08-15 21:29:07.610] [console] [info]  Receive Command: Id 258 Seq 8290  [mid360_command_handler.cpp] [Handle] [67]
[2026-08-15 21:29:08.114] [console] [info] Handle detection data, handle:2483136704, dev_type:9, sn:47MCN7H0032048, cmd_port:56100  [general_command_handler.cpp] [HandleDetectionData] [319]
[2026-08-15 21:29:08.610] [console] [info]  Receive Command: Id 258 Seq 8316  [mid360_command_handler.cpp] [Handle] [67]
[2026-08-15 21:29:09.114] [console] [info] Handle detection data, handle:2483136704, dev_type:9, sn:47MCN7H0032048, cmd_port:56100  [general_command_handler.cpp] [HandleDetectionData] [319]
[2026-08-15 21:29:09.611] [console] [info]  Receive Command: Id 258 Seq 8342  [mid360_command_handler.cpp] [Handle] [67]
[2026-08-15 21:29:10.115] [console] [info] Handle detection data, handle:2483136704, dev_type:9, sn:47MCN7H0032048, cmd_port:56100  [general_command_handler.cpp] [HandleDetectionData] [319]
[2026-08-15 21:29:10.611] [console] [info]  Receive Command: Id 258 Seq 8368  [mid360_command_handler.cpp] [Handle] [67]
[2026-08-15 21:29:11.115] [console] [info] Handle detection data, handle:2483136704, dev_type:9, sn:47MCN7H0032048, cmd_port:56100  [general_command_handler.cpp] [HandleDetectionData] [319]
[2026-08-15 21:29:11.611] [console] [info]  Receive Command: Id 258 Seq 8394  [mid360_command_handler.cpp] [Handle] [67]
[2026-08-15 21:29:12.116] [console] [info] Handle detection data, handle:2483136704, dev_type:9, sn:47MCN7H0032048, cmd_port:56100  [general_command_handler.cpp] [HandleDetectionData] [319]
[2026-08-15 21:29:12.612] [console] [info]  Receive Command: Id 258 Seq 8420  [mid360_command_handler.cpp] [Handle] [67]
[2026-08-15 21:29:13.114] [console] [info] Handle detection data, handle:2483136704, dev_type:9, sn:47MCN7H0032048, cmd_port:56100  [general_command_handler.cpp] [HandleDetectionData] [319]
[2026-08-15 21:29:13.612] [console] [info]  Receive Command: Id 258 Seq 8446  [mid360_command_handler.cpp] [Handle] [67]
[2026-08-15 21:29:14.114] [console] [info] Handle detection data, handle:2483136704, dev_type:9, sn:47MCN7H0032048, cmd_port:56100  [general_command_handler.cpp] [HandleDetectionData] [319]
[2026-08-15 21:29:14.613] [console] [info]  Receive Command: Id 258 Seq 8472  [mid360_command_handler.cpp] [Handle] [67]
[2026-08-15 21:29:15.115] [console] [info] Handle detection data, handle:2483136704, dev_type:9, sn:47MCN7H0032048, cmd_port:56100  [general_command_handler.cpp] [HandleDetectionData] [319]
[2026-08-15 21:29:15.613] [console] [info]  Receive Command: Id 258 Seq 8498  [mid360_command_handler.cpp] [Handle] [67]
[2026-08-15 21:29:16.115] [console] [info] Handle detection data, handle:2483136704, dev_type:9, sn:47MCN7H0032048, cmd_port:56100  [general_command_handler.cpp] [HandleDetectionData] [319]
[2026-08-15 21:29:16.613] [console] [info]  Receive Command: Id 258 Seq 8524  [mid360_command_handler.cpp] [Handle] [67]
[2026-08-15 21:29:17.116] [console] [info] Handle detection data, handle:2483136704, dev_type:9, sn:47MCN7H0032048, cmd_port:56100  [general_command_handler.cpp] [HandleDetectionData] [319]
[2026-08-15 21:29:17.614] [console] [info]  Receive Command: Id 258 Seq 8550  [mid360_command_handler.cpp] [Handle] [67]
[2026-08-15 21:29:18.116] [console] [info] Handle detection data, handle:2483136704, dev_type:9, sn:47MCN7H0032048, cmd_port:56100  [general_command_handler.cpp] [HandleDetectionData] [319]
[2026-08-15 21:29:18.614] [console] [info]  Receive Command: Id 258 Seq 8576  [mid360_command_handler.cpp] [Handle] [67]
[2026-08-15 21:29:19.116] [console] [info] Handle detection data, handle:2483136704, dev_type:9, sn:47MCN7H0032048, cmd_port:56100  [general_command_handler.cpp] [HandleDetectionData] [319]
[2026-08-15 21:29:19.615] [console] [info]  Receive Command: Id 258 Seq 8602  [mid360_command_handler.cpp] [Handle] [67]
[2026-08-15 21:29:20.115] [console] [info] Handle detection data, handle:2483136704, dev_type:9, sn:47MCN7H0032048, cmd_port:56100  [general_command_handler.cpp] [HandleDetectionData] [319]
[2026-08-15 21:29:20.615] [console] [info]  Receive Command: Id 258 Seq 8628  [mid360_command_handler.cpp] [Handle] [67]
[2026-08-15 21:29:21.115] [console] [info] Handle detection data, handle:2483136704, dev_type:9, sn:47MCN7H0032048, cmd_port:56100  [general_command_handler.cpp] [HandleDetectionData] [319]
[2026-08-15 21:29:21.615] [console] [info]  Receive Command: Id 258 Seq 8654  [mid360_command_handler.cpp] [Handle] [67]
[2026-08-15 21:29:22.116] [console] [info] Handle detection data, handle:2483136704, dev_type:9, sn:47MCN7H0032048, cmd_port:56100  [general_command_handler.cpp] [HandleDetectionData] [319]
[2026-08-15 21:29:22.616] [console] [info]  Receive Command: Id 258 Seq 8680  [mid360_command_handler.cpp] [Handle] [67]
[2026-08-15 21:29:23.116] [console] [info] Handle detection data, handle:2483136704, dev_type:9, sn:47MCN7H0032048, cmd_port:56100  [general_command_handler.cpp] [HandleDetectionData] [319]
[2026-08-15 21:29:23.616] [console] [info]  Receive Command: Id 258 Seq 8706  [mid360_command_handler.cpp] [Handle] [67]
[2026-08-15 21:29:24.116] [console] [info] Handle detection data, handle:2483136704, dev_type:9, sn:47MCN7H0032048, cmd_port:56100  [general_command_handler.cpp] [HandleDetectionData] [319]
[2026-08-15 21:29:24.616] [console] [info]  Receive Command: Id 258 Seq 8732  [mid360_command_handler.cpp] [Handle] [67]
[2026-08-15 21:29:25.117] [console] [info] Handle detection data, handle:2483136704, dev_type:9, sn:47MCN7H0032048, cmd_port:56100  [general_command_handler.cpp] [HandleDetectionData] [319]
[2026-08-15 21:29:25.617] [console] [info]  Receive Command: Id 258 Seq 8758  [mid360_command_handler.cpp] [Handle] [67]
[2026-08-15 21:29:26.117] [console] [info] Handle detection data, handle:2483136704, dev_type:9, sn:47MCN7H0032048, cmd_port:56100  [general_command_handler.cpp] [HandleDetectionData] [319]
[2026-08-15 21:29:26.617] [console] [info]  Receive Command: Id 258 Seq 8784  [mid360_command_handler.cpp] [Handle] [67]
[2026-08-15 21:29:27.115] [console] [info] Handle detection data, handle:2483136704, dev_type:9, sn:47MCN7H0032048, cmd_port:56100  [general_command_handler.cpp] [HandleDetectionData] [319]
[2026-08-15 21:29:27.617] [console] [info]  Receive Command: Id 258 Seq 8810  [mid360_command_handler.cpp] [Handle] [67]
[2026-08-15 21:29:28.116] [console] [info] Handle detection data, handle:2483136704, dev_type:9, sn:47MCN7H0032048, cmd_port:56100  [general_command_handler.cpp] [HandleDetectionData] [319]
[2026-08-15 21:29:28.618] [console] [info]  Receive Command: Id 258 Seq 8836  [mid360_command_handler.cpp] [Handle] [67]
[2026-08-15 21:29:29.116] [console] [info] Handle detection data, handle:2483136704, dev_type:9, sn:47MCN7H0032048, cmd_port:56100  [general_command_handler.cpp] [HandleDetectionData] [319]
[2026-08-15 21:29:29.618] [console] [info]  Receive Command: Id 258 Seq 8862  [mid360_command_handler.cpp] [Handle] [67]
[2026-08-15 21:29:30.116] [console] [info] Handle detection data, handle:2483136704, dev_type:9, sn:47MCN7H0032048, cmd_port:56100  [general_command_handler.cpp] [HandleDetectionData] [319]
[2026-08-15 21:29:30.618] [console] [info]  Receive Command: Id 258 Seq 8888  [mid360_command_handler.cpp] [Handle] [67]
[2026-08-15 21:29:31.116] [console] [info] Handle detection data, handle:2483136704, dev_type:9, sn:47MCN7H0032048, cmd_port:56100  [general_command_handler.cpp] [HandleDetectionData] [319]
[2026-08-15 21:29:31.619] [console] [info]  Receive Command: Id 258 Seq 8914  [mid360_command_handler.cpp] [Handle] [67]
[2026-08-15 21:29:32.117] [console] [info] Handle detection data, handle:2483136704, dev_type:9, sn:47MCN7H0032048, cmd_port:56100  [general_command_handler.cpp] [HandleDetectionData] [319]
[2026-08-15 21:29:32.619] [console] [info]  Receive Command: Id 258 Seq 8940  [mid360_command_handler.cpp] [Handle] [67]
[2026-08-15 21:29:33.117] [console] [info] Handle detection data, handle:2483136704, dev_type:9, sn:47MCN7H0032048, cmd_port:56100  [general_command_handler.cpp] [HandleDetectionData] [319]
[2026-08-15 21:29:33.619] [console] [info]  Receive Command: Id 258 Seq 8966  [mid360_command_handler.cpp] [Handle] [67]
[2026-08-15 21:29:34.117] [console] [info] Handle detection data, handle:2483136704, dev_type:9, sn:47MCN7H0032048, cmd_port:56100  [general_command_handler.cpp] [HandleDetectionData] [319]
[2026-08-15 21:29:34.619] [console] [info]  Receive Command: Id 258 Seq 8992  [mid360_command_handler.cpp] [Handle] [67]
[2026-08-15 21:29:35.118] [console] [info] Handle detection data, handle:2483136704, dev_type:9, sn:47MCN7H0032048, cmd_port:56100  [general_command_handler.cpp] [HandleDetectionData] [319]
[2026-08-15 21:29:35.620] [console] [info]  Receive Command: Id 258 Seq 9018  [mid360_command_handler.cpp] [Handle] [67]
[2026-08-15 21:29:36.118] [console] [info] Handle detection data, handle:2483136704, dev_type:9, sn:47MCN7H0032048, cmd_port:56100  [general_command_handler.cpp] [HandleDetectionData] [319]
[2026-08-15 21:29:36.620] [console] [info]  Receive Command: Id 258 Seq 9044  [mid360_command_handler.cpp] [Handle] [67]
[2026-08-15 21:29:37.116] [console] [info] Handle detection data, handle:2483136704, dev_type:9, sn:47MCN7H0032048, cmd_port:56100  [general_command_handler.cpp] [HandleDetectionData] [319]
[2026-08-15 21:29:37.620] [console] [info]  Receive Command: Id 258 Seq 9070  [mid360_command_handler.cpp] [Handle] [67]
[2026-08-15 21:29:38.116] [console] [info] Handle detection data, handle:2483136704, dev_type:9, sn:47MCN7H0032048, cmd_port:56100  [general_command_handler.cpp] [HandleDetectionData] [319]
[2026-08-15 21:29:38.621] [console] [info]  Receive Command: Id 258 Seq 9096  [mid360_command_handler.cpp] [Handle] [67]
[2026-08-15 21:29:39.117] [console] [info] Handle detection data, handle:2483136704, dev_type:9, sn:47MCN7H0032048, cmd_port:56100  [general_command_handler.cpp] [HandleDetectionData] [319]
[2026-08-15 21:29:39.621] [console] [info]  Receive Command: Id 258 Seq 9122  [mid360_command_handler.cpp] [Handle] [67]
[2026-08-15 21:29:40.117] [console] [info] Handle detection data, handle:2483136704, dev_type:9, sn:47MCN7H0032048, cmd_port:56100  [general_command_handler.cpp] [HandleDetectionData] [319]
[2026-08-15 21:29:40.621] [console] [info]  Receive Command: Id 258 Seq 9148  [mid360_command_handler.cpp] [Handle] [67]
[2026-08-15 21:29:41.117] [console] [info] Handle detection data, handle:2483136704, dev_type:9, sn:47MCN7H0032048, cmd_port:56100  [general_command_handler.cpp] [HandleDetectionData] [319]
[2026-08-15 21:29:41.621] [console] [info]  Receive Command: Id 258 Seq 9174  [mid360_command_handler.cpp] [Handle] [67]
[2026-08-15 21:29:42.117] [console] [info] Handle detection data, handle:2483136704, dev_type:9, sn:47MCN7H0032048, cmd_port:56100  [general_command_handler.cpp] [HandleDetectionData] [319]
[2026-08-15 21:29:42.622] [console] [info]  Receive Command: Id 258 Seq 9200  [mid360_command_handler.cpp] [Handle] [67]
[2026-08-15 21:29:43.118] [console] [info] Handle detection data, handle:2483136704, dev_type:9, sn:47MCN7H0032048, cmd_port:56100  [general_command_handler.cpp] [HandleDetectionData] [319]
[2026-08-15 21:29:43.622] [console] [info]  Receive Command: Id 258 Seq 9226  [mid360_command_handler.cpp] [Handle] [67]
[2026-08-15 21:29:44.118] [console] [info] Handle detection data, handle:2483136704, dev_type:9, sn:47MCN7H0032048, cmd_port:56100  [general_command_handler.cpp] [HandleDetectionData] [319]
[2026-08-15 21:29:44.622] [console] [info]  Receive Command: Id 258 Seq 9252  [mid360_command_handler.cpp] [Handle] [67]
[2026-08-15 21:29:45.118] [console] [info] Handle detection data, handle:2483136704, dev_type:9, sn:47MCN7H0032048, cmd_port:56100  [general_command_handler.cpp] [HandleDetectionData] [319]
[2026-08-15 21:29:45.622] [console] [info]  Receive Command: Id 258 Seq 9278  [mid360_command_handler.cpp] [Handle] [67]
[2026-08-15 21:29:46.118] [console] [info] Handle detection data, handle:2483136704, dev_type:9, sn:47MCN7H0032048, cmd_port:56100  [general_command_handler.cpp] [HandleDetectionData] [319]
[2026-08-15 21:29:46.623] [console] [info]  Receive Command: Id 258 Seq 9304  [mid360_command_handler.cpp] [Handle] [67]
[2026-08-15 21:29:47.119] [console] [info] Handle detection data, handle:2483136704, dev_type:9, sn:47MCN7H0032048, cmd_port:56100  [general_command_handler.cpp] [HandleDetectionData] [319]
[2026-08-15 21:29:47.623] [console] [info]  Receive Command: Id 258 Seq 9330  [mid360_command_handler.cpp] [Handle] [67]
[2026-08-15 21:29:48.119] [console] [info] Handle detection data, handle:2483136704, dev_type:9, sn:47MCN7H0032048, cmd_port:56100  [general_command_handler.cpp] [HandleDetectionData] [319]
[2026-08-15 21:29:48.623] [console] [info]  Receive Command: Id 258 Seq 9356  [mid360_command_handler.cpp] [Handle] [67]
[2026-08-15 21:29:49.119] [console] [info] Handle detection data, handle:2483136704, dev_type:9, sn:47MCN7H0032048, cmd_port:56100  [general_command_handler.cpp] [HandleDetectionData] [319]
[2026-08-15 21:29:49.623] [console] [info]  Receive Command: Id 258 Seq 9382  [mid360_command_handler.cpp] [Handle] [67]
[2026-08-15 21:29:50.117] [console] [info] Handle detection data, handle:2483136704, dev_type:9, sn:47MCN7H0032048, cmd_port:56100  [general_command_handler.cpp] [HandleDetectionData] [319]
[2026-08-15 21:29:50.624] [console] [info]  Receive Command: Id 258 Seq 9408  [mid360_command_handler.cpp] [Handle] [67]
[2026-08-15 21:29:51.118] [console] [info] Handle detection data, handle:2483136704, dev_type:9, sn:47MCN7H0032048, cmd_port:56100  [general_command_handler.cpp] [HandleDetectionData] [319]
[2026-08-15 21:29:51.624] [console] [info]  Receive Command: Id 258 Seq 9434  [mid360_command_handler.cpp] [Handle] [67]
[2026-08-15 21:29:52.118] [console] [info] Handle detection data, handle:2483136704, dev_type:9, sn:47MCN7H0032048, cmd_port:56100  [general_command_handler.cpp] [HandleDetectionData] [319]
[2026-08-15 21:29:52.624] [console] [info]  Receive Command: Id 258 Seq 9460  [mid360_command_handler.cpp] [Handle] [67]
[2026-08-15 21:29:53.118] [console] [info] Handle detection data, handle:2483136704, dev_type:9, sn:47MCN7H0032048, cmd_port:56100  [general_command_handler.cpp] [HandleDetectionData] [319]
[2026-08-15 21:29:53.624] [console] [info]  Receive Command: Id 258 Seq 9486  [mid360_command_handler.cpp] [Handle] [67]
[2026-08-15 21:29:54.118] [console] [info] Handle detection data, handle:2483136704, dev_type:9, sn:47MCN7H0032048, cmd_port:56100  [general_command_handler.cpp] [HandleDetectionData] [319]
[2026-08-15 21:29:54.624] [console] [info]  Receive Command: Id 258 Seq 9512  [mid360_command_handler.cpp] [Handle] [67]
[2026-08-15 21:29:55.118] [console] [info] Handle detection data, handle:2483136704, dev_type:9, sn:47MCN7H0032048, cmd_port:56100  [general_command_handler.cpp] [HandleDetectionData] [319]
[2026-08-15 21:29:55.624] [console] [info]  Receive Command: Id 258 Seq 9538  [mid360_command_handler.cpp] [Handle] [67]
[2026-08-15 21:29:56.119] [console] [info] Handle detection data, handle:2483136704, dev_type:9, sn:47MCN7H0032048, cmd_port:56100  [general_command_handler.cpp] [HandleDetectionData] [319]
[2026-08-15 21:29:56.625] [console] [info]  Receive Command: Id 258 Seq 9564  [mid360_command_handler.cpp] [Handle] [67]
[2026-08-15 21:29:57.119] [console] [info] Handle detection data, handle:2483136704, dev_type:9, sn:47MCN7H0032048, cmd_port:56100  [general_command_handler.cpp] [HandleDetectionData] [319]
[2026-08-15 21:29:57.625] [console] [info]  Receive Command: Id 258 Seq 9590  [mid360_command_handler.cpp] [Handle] [67]
[2026-08-15 21:29:58.119] [console] [info] Handle detection data, handle:2483136704, dev_type:9, sn:47MCN7H0032048, cmd_port:56100  [general_command_handler.cpp] [HandleDetectionData] [319]
[2026-08-15 21:29:58.625] [console] [info]  Receive Command: Id 258 Seq 9616  [mid360_command_handler.cpp] [Handle] [67]
[2026-08-15 21:29:59.119] [console] [info] Handle detection data, handle:2483136704, dev_type:9, sn:47MCN7H0032048, cmd_port:56100  [general_command_handler.cpp] [HandleDetectionData] [319]
[2026-08-15 21:29:59.625] [console] [info]  Receive Command: Id 258 Seq 9642  [mid360_command_handler.cpp] [Handle] [67]
[2026-08-15 21:30:00.119] [console] [info] Handle detection data, handle:2483136704, dev_type:9, sn:47MCN7H0032048, cmd_port:56100  [general_command_handler.cpp] [HandleDetectionData] [319]
[2026-08-15 21:30:00.625] [console] [info]  Receive Command: Id 258 Seq 9668  [mid360_command_handler.cpp] [Handle] [67]
[2026-08-15 21:30:01.120] [console] [info] Handle detection data, handle:2483136704, dev_type:9, sn:47MCN7H0032048, cmd_port:56100  [general_command_handler.cpp] [HandleDetectionData] [319]
[2026-08-15 21:30:01.626] [console] [info]  Receive Command: Id 258 Seq 9694  [mid360_command_handler.cpp] [Handle] [67]
[2026-08-15 21:30:02.120] [console] [info] Handle detection data, handle:2483136704, dev_type:9, sn:47MCN7H0032048, cmd_port:56100  [general_command_handler.cpp] [HandleDetectionData] [319]
[2026-08-15 21:30:02.626] [console] [info]  Receive Command: Id 258 Seq 9720  [mid360_command_handler.cpp] [Handle] [67]
[2026-08-15 21:30:03.120] [console] [info] Handle detection data, handle:2483136704, dev_type:9, sn:47MCN7H0032048, cmd_port:56100  [general_command_handler.cpp] [HandleDetectionData] [319]
[2026-08-15 21:30:03.626] [console] [info]  Receive Command: Id 258 Seq 9746  [mid360_command_handler.cpp] [Handle] [67]
[2026-08-15 21:30:04.120] [console] [info] Handle detection data, handle:2483136704, dev_type:9, sn:47MCN7H0032048, cmd_port:56100  [general_command_handler.cpp] [HandleDetectionData] [319]
[2026-08-15 21:30:04.626] [console] [info]  Receive Command: Id 258 Seq 9772  [mid360_command_handler.cpp] [Handle] [67]
[2026-08-15 21:30:05.120] [console] [info] Handle detection data, handle:2483136704, dev_type:9, sn:47MCN7H0032048, cmd_port:56100  [general_command_handler.cpp] [HandleDetectionData] [319]
[2026-08-15 21:30:05.626] [console] [info]  Receive Command: Id 258 Seq 9798  [mid360_command_handler.cpp] [Handle] [67]
[2026-08-15 21:30:06.120] [console] [info] Handle detection data, handle:2483136704, dev_type:9, sn:47MCN7H0032048, cmd_port:56100  [general_command_handler.cpp] [HandleDetectionData] [319]
[2026-08-15 21:30:06.626] [console] [info]  Receive Command: Id 258 Seq 9824  [mid360_command_handler.cpp] [Handle] [67]
[2026-08-15 21:30:07.120] [console] [info] Handle detection data, handle:2483136704, dev_type:9, sn:47MCN7H0032048, cmd_port:56100  [general_command_handler.cpp] [HandleDetectionData] [319]
[2026-08-15 21:30:07.627] [console] [info]  Receive Command: Id 258 Seq 9850  [mid360_command_handler.cpp] [Handle] [67]
[2026-08-15 21:30:08.121] [console] [info] Handle detection data, handle:2483136704, dev_type:9, sn:47MCN7H0032048, cmd_port:56100  [general_command_handler.cpp] [HandleDetectionData] [319]
[2026-08-15 21:30:08.627] [console] [info]  Receive Command: Id 258 Seq 9876  [mid360_command_handler.cpp] [Handle] [67]
[2026-08-15 21:30:09.121] [console] [info] Handle detection data, handle:2483136704, dev_type:9, sn:47MCN7H0032048, cmd_port:56100  [general_command_handler.cpp] [HandleDetectionData] [319]
[2026-08-15 21:30:09.627] [console] [info]  Receive Command: Id 258 Seq 9902  [mid360_command_handler.cpp] [Handle] [67]
[2026-08-15 21:30:10.121] [console] [info] Handle detection data, handle:2483136704, dev_type:9, sn:47MCN7H0032048, cmd_port:56100  [general_command_handler.cpp] [HandleDetectionData] [319]
[2026-08-15 21:30:10.627] [console] [info]  Receive Command: Id 258 Seq 9928  [mid360_command_handler.cpp] [Handle] [67]
[2026-08-15 21:30:11.119] [console] [info] Handle detection data, handle:2483136704, dev_type:9, sn:47MCN7H0032048, cmd_port:56100  [general_command_handler.cpp] [HandleDetectionData] [319]
[2026-08-15 21:30:11.627] [console] [info]  Receive Command: Id 258 Seq 9954  [mid360_command_handler.cpp] [Handle] [67]
[2026-08-15 21:30:12.119] [console] [info] Handle detection data, handle:2483136704, dev_type:9, sn:47MCN7H0032048, cmd_port:56100  [general_command_handler.cpp] [HandleDetectionData] [319]
[2026-08-15 21:30:12.627] [console] [info]  Receive Command: Id 258 Seq 9980  [mid360_command_handler.cpp] [Handle] [67]
[2026-08-15 21:30:13.119] [console] [info] Handle detection data, handle:2483136704, dev_type:9, sn:47MCN7H0032048, cmd_port:56100  [general_command_handler.cpp] [HandleDetectionData] [319]
[2026-08-15 21:30:13.627] [console] [info]  Receive Command: Id 258 Seq 10006  [mid360_command_handler.cpp] [Handle] [67]
[2026-08-15 21:30:14.120] [console] [info] Handle detection data, handle:2483136704, dev_type:9, sn:47MCN7H0032048, cmd_port:56100  [general_command_handler.cpp] [HandleDetectionData] [319]
[2026-08-15 21:30:14.628] [console] [info]  Receive Command: Id 258 Seq 10032  [mid360_command_handler.cpp] [Handle] [67]
[2026-08-15 21:30:15.120] [console] [info] Handle detection data, handle:2483136704, dev_type:9, sn:47MCN7H0032048, cmd_port:56100  [general_command_handler.cpp] [HandleDetectionData] [319]
[2026-08-15 21:30:15.628] [console] [info]  Receive Command: Id 258 Seq 10058  [mid360_command_handler.cpp] [Handle] [67]
[2026-08-15 21:30:16.120] [console] [info] Handle detection data, handle:2483136704, dev_type:9, sn:47MCN7H0032048, cmd_port:56100  [general_command_handler.cpp] [HandleDetectionData] [319]
[2026-08-15 21:30:16.628] [console] [info]  Receive Command: Id 258 Seq 10084  [mid360_command_handler.cpp] [Handle] [67]
[2026-08-15 21:30:17.120] [console] [info] Handle detection data, handle:2483136704, dev_type:9, sn:47MCN7H0032048, cmd_port:56100  [general_command_handler.cpp] [HandleDetectionData] [319]
[2026-08-15 21:30:17.628] [console] [info]  Receive Command: Id 258 Seq 10110  [mid360_command_handler.cpp] [Handle] [67]
[2026-08-15 21:30:18.120] [console] [info] Handle detection data, handle:2483136704, dev_type:9, sn:47MCN7H0032048, cmd_port:56100  [general_command_handler.cpp] [HandleDetectionData] [319]
[2026-08-15 21:30:18.628] [console] [info]  Receive Command: Id 258 Seq 10136  [mid360_command_handler.cpp] [Handle] [67]
[2026-08-15 21:30:19.120] [console] [info] Handle detection data, handle:2483136704, dev_type:9, sn:47MCN7H0032048, cmd_port:56100  [general_command_handler.cpp] [HandleDetectionData] [319]
[2026-08-15 21:30:19.628] [console] [info]  Receive Command: Id 258 Seq 10162  [mid360_command_handler.cpp] [Handle] [67]
[2026-08-15 21:30:20.120] [console] [info] Handle detection data, handle:2483136704, dev_type:9, sn:47MCN7H0032048, cmd_port:56100  [general_command_handler.cpp] [HandleDetectionData] [319]
[2026-08-15 21:30:20.628] [console] [info]  Receive Command: Id 258 Seq 10188  [mid360_command_handler.cpp] [Handle] [67]
[2026-08-15 21:30:21.120] [console] [info] Handle detection data, handle:2483136704, dev_type:9, sn:47MCN7H0032048, cmd_port:56100  [general_command_handler.cpp] [HandleDetectionData] [319]
[2026-08-15 21:30:21.628] [console] [info]  Receive Command: Id 258 Seq 10214  [mid360_command_handler.cpp] [Handle] [67]
[2026-08-15 21:30:22.121] [console] [info] Handle detection data, handle:2483136704, dev_type:9, sn:47MCN7H0032048, cmd_port:56100  [general_command_handler.cpp] [HandleDetectionData] [319]
[2026-08-15 21:30:22.629] [console] [info]  Receive Command: Id 258 Seq 10240  [mid360_command_handler.cpp] [Handle] [67]
[2026-08-15 21:30:23.121] [console] [info] Handle detection data, handle:2483136704, dev_type:9, sn:47MCN7H0032048, cmd_port:56100  [general_command_handler.cpp] [HandleDetectionData] [319]
[2026-08-15 21:30:23.629] [console] [info]  Receive Command: Id 258 Seq 10266  [mid360_command_handler.cpp] [Handle] [67]
[2026-08-15 21:30:24.121] [console] [info] Handle detection data, handle:2483136704, dev_type:9, sn:47MCN7H0032048, cmd_port:56100  [general_command_handler.cpp] [HandleDetectionData] [319]
[2026-08-15 21:30:24.629] [console] [info]  Receive Command: Id 258 Seq 10292  [mid360_command_handler.cpp] [Handle] [67]
[2026-08-15 21:30:25.121] [console] [info] Handle detection data, handle:2483136704, dev_type:9, sn:47MCN7H0032048, cmd_port:56100  [general_command_handler.cpp] [HandleDetectionData] [319]
[2026-08-15 21:30:25.629] [console] [info]  Receive Command: Id 258 Seq 10318  [mid360_command_handler.cpp] [Handle] [67]
[2026-08-15 21:30:26.121] [console] [info] Handle detection data, handle:2483136704, dev_type:9, sn:47MCN7H0032048, cmd_port:56100  [general_command_handler.cpp] [HandleDetectionData] [319]
[2026-08-15 21:30:26.629] [console] [info]  Receive Command: Id 258 Seq 10344  [mid360_command_handler.cpp] [Handle] [67]
[2026-08-15 21:30:27.121] [console] [info] Handle detection data, handle:2483136704, dev_type:9, sn:47MCN7H0032048, cmd_port:56100  [general_command_handler.cpp] [HandleDetectionData] [319]
[2026-08-15 21:30:27.629] [console] [info]  Receive Command: Id 258 Seq 10370  [mid360_command_handler.cpp] [Handle] [67]
[2026-08-15 21:30:28.121] [console] [info] Handle detection data, handle:2483136704, dev_type:9, sn:47MCN7H0032048, cmd_port:56100  [general_command_handler.cpp] [HandleDetectionData] [319]
[2026-08-15 21:30:28.629] [console] [info]  Receive Command: Id 258 Seq 10396  [mid360_command_handler.cpp] [Handle] [67]
[2026-08-15 21:30:29.121] [console] [info] Handle detection data, handle:2483136704, dev_type:9, sn:47MCN7H0032048, cmd_port:56100  [general_command_handler.cpp] [HandleDetectionData] [319]
[2026-08-15 21:30:29.629] [console] [info]  Receive Command: Id 258 Seq 10422  [mid360_command_handler.cpp] [Handle] [67]
[2026-08-15 21:30:30.121] [console] [info] Handle detection data, handle:2483136704, dev_type:9, sn:47MCN7H0032048, cmd_port:56100  [general_command_handler.cpp] [HandleDetectionData] [319]
[2026-08-15 21:30:30.629] [console] [info]  Receive Command: Id 258 Seq 10448  [mid360_command_handler.cpp] [Handle] [67]
[2026-08-15 21:30:31.121] [console] [info] Handle detection data, handle:2483136704, dev_type:9, sn:47MCN7H0032048, cmd_port:56100  [general_command_handler.cpp] [HandleDetectionData] [319]
[2026-08-15 21:30:31.630] [console] [info]  Receive Command: Id 258 Seq 10474  [mid360_command_handler.cpp] [Handle] [67]
[2026-08-15 21:30:32.122] [console] [info] Handle detection data, handle:2483136704, dev_type:9, sn:47MCN7H0032048, cmd_port:56100  [general_command_handler.cpp] [HandleDetectionData] [319]
[2026-08-15 21:30:32.630] [console] [info]  Receive Command: Id 258 Seq 10500  [mid360_command_handler.cpp] [Handle] [67]
[2026-08-15 21:30:33.122] [console] [info] Handle detection data, handle:2483136704, dev_type:9, sn:47MCN7H0032048, cmd_port:56100  [general_command_handler.cpp] [HandleDetectionData] [319]
[2026-08-15 21:30:33.630] [console] [info]  Receive Command: Id 258 Seq 10526  [mid360_command_handler.cpp] [Handle] [67]
[2026-08-15 21:30:34.122] [console] [info] Handle detection data, handle:2483136704, dev_type:9, sn:47MCN7H0032048, cmd_port:56100  [general_command_handler.cpp] [HandleDetectionData] [319]
[2026-08-15 21:30:34.630] [console] [info]  Receive Command: Id 258 Seq 10552  [mid360_command_handler.cpp] [Handle] [67]
[2026-08-15 21:30:35.122] [console] [info] Handle detection data, handle:2483136704, dev_type:9, sn:47MCN7H0032048, cmd_port:56100  [general_command_handler.cpp] [HandleDetectionData] [319]
[2026-08-15 21:30:35.630] [console] [info]  Receive Command: Id 258 Seq 10578  [mid360_command_handler.cpp] [Handle] [67]
[2026-08-15 21:30:36.122] [console] [info] Handle detection data, handle:2483136704, dev_type:9, sn:47MCN7H0032048, cmd_port:56100  [general_command_handler.cpp] [HandleDetectionData] [319]
[2026-08-15 21:30:36.630] [console] [info]  Receive Command: Id 258 Seq 10604  [mid360_command_handler.cpp] [Handle] [67]
[2026-08-15 21:30:37.122] [console] [info] Handle detection data, handle:2483136704, dev_type:9, sn:47MCN7H0032048, cmd_port:56100  [general_command_handler.cpp] [HandleDetectionData] [319]
[2026-08-15 21:30:37.630] [console] [info]  Receive Command: Id 258 Seq 10630  [mid360_command_handler.cpp] [Handle] [67]
[2026-08-15 21:30:38.122] [console] [info] Handle detection data, handle:2483136704, dev_type:9, sn:47MCN7H0032048, cmd_port:56100  [general_command_handler.cpp] [HandleDetectionData] [319]
[2026-08-15 21:30:38.630] [console] [info]  Receive Command: Id 258 Seq 10656  [mid360_command_handler.cpp] [Handle] [67]
[2026-08-15 21:30:39.122] [console] [info] Handle detection data, handle:2483136704, dev_type:9, sn:47MCN7H0032048, cmd_port:56100  [general_command_handler.cpp] [HandleDetectionData] [319]
[2026-08-15 21:30:39.630] [console] [info]  Receive Command: Id 258 Seq 10682  [mid360_command_handler.cpp] [Handle] [67]
[2026-08-15 21:30:40.122] [console] [info] Handle detection data, handle:2483136704, dev_type:9, sn:47MCN7H0032048, cmd_port:56100  [general_command_handler.cpp] [HandleDetectionData] [319]
[2026-08-15 21:30:40.630] [console] [info]  Receive Command: Id 258 Seq 10708  [mid360_command_handler.cpp] [Handle] [67]
[2026-08-15 21:30:41.122] [console] [info] Handle detection data, handle:2483136704, dev_type:9, sn:47MCN7H0032048, cmd_port:56100  [general_command_handler.cpp] [HandleDetectionData] [319]
[2026-08-15 21:30:41.630] [console] [info]  Receive Command: Id 258 Seq 10734  [mid360_command_handler.cpp] [Handle] [67]
[2026-08-15 21:30:42.122] [console] [info] Handle detection data, handle:2483136704, dev_type:9, sn:47MCN7H0032048, cmd_port:56100  [general_command_handler.cpp] [HandleDetectionData] [319]
[2026-08-15 21:30:42.630] [console] [info]  Receive Command: Id 258 Seq 10760  [mid360_command_handler.cpp] [Handle] [67]
[2026-08-15 21:30:43.123] [console] [info] Handle detection data, handle:2483136704, dev_type:9, sn:47MCN7H0032048, cmd_port:56100  [general_command_handler.cpp] [HandleDetectionData] [319]
[2026-08-15 21:30:43.630] [console] [info]  Receive Command: Id 258 Seq 10786  [mid360_command_handler.cpp] [Handle] [67]
[2026-08-15 21:30:44.123] [console] [info] Handle detection data, handle:2483136704, dev_type:9, sn:47MCN7H0032048, cmd_port:56100  [general_command_handler.cpp] [HandleDetectionData] [319]
[2026-08-15 21:30:44.631] [console] [info]  Receive Command: Id 258 Seq 10812  [mid360_command_handler.cpp] [Handle] [67]
[2026-08-15 21:30:45.123] [console] [info] Handle detection data, handle:2483136704, dev_type:9, sn:47MCN7H0032048, cmd_port:56100  [general_command_handler.cpp] [HandleDetectionData] [319]
[2026-08-15 21:30:45.631] [console] [info]  Receive Command: Id 258 Seq 10838  [mid360_command_handler.cpp] [Handle] [67]
[2026-08-15 21:30:46.123] [console] [info] Handle detection data, handle:2483136704, dev_type:9, sn:47MCN7H0032048, cmd_port:56100  [general_command_handler.cpp] [HandleDetectionData] [319]
[2026-08-15 21:30:46.631] [console] [info]  Receive Command: Id 258 Seq 10864  [mid360_command_handler.cpp] [Handle] [67]
[2026-08-15 21:30:47.123] [console] [info] Handle detection data, handle:2483136704, dev_type:9, sn:47MCN7H0032048, cmd_port:56100  [general_command_handler.cpp] [HandleDetectionData] [319]
[2026-08-15 21:30:47.631] [console] [info]  Receive Command: Id 258 Seq 10890  [mid360_command_handler.cpp] [Handle] [67]
[2026-08-15 21:30:48.123] [console] [info] Handle detection data, handle:2483136704, dev_type:9, sn:47MCN7H0032048, cmd_port:56100  [general_command_handler.cpp] [HandleDetectionData] [319]
[2026-08-15 21:30:48.631] [console] [info]  Receive Command: Id 258 Seq 10916  [mid360_command_handler.cpp] [Handle] [67]
[2026-08-15 21:30:49.123] [console] [info] Handle detection data, handle:2483136704, dev_type:9, sn:47MCN7H0032048, cmd_port:56100  [general_command_handler.cpp] [HandleDetectionData] [319]
[2026-08-15 21:30:49.631] [console] [info]  Receive Command: Id 258 Seq 10942  [mid360_command_handler.cpp] [Handle] [67]
[2026-08-15 21:30:50.123] [console] [info] Handle detection data, handle:2483136704, dev_type:9, sn:47MCN7H0032048, cmd_port:56100  [general_command_handler.cpp] [HandleDetectionData] [319]
[2026-08-15 21:30:50.631] [console] [info]  Receive Command: Id 258 Seq 10968  [mid360_command_handler.cpp] [Handle] [67]
[2026-08-15 21:30:51.123] [console] [info] Handle detection data, handle:2483136704, dev_type:9, sn:47MCN7H0032048, cmd_port:56100  [general_command_handler.cpp] [HandleDetectionData] [319]
[2026-08-15 21:30:51.631] [console] [info]  Receive Command: Id 258 Seq 10994  [mid360_command_handler.cpp] [Handle] [67]
[2026-08-15 21:30:52.123] [console] [info] Handle detection data, handle:2483136704, dev_type:9, sn:47MCN7H0032048, cmd_port:56100  [general_command_handler.cpp] [HandleDetectionData] [319]
[2026-08-15 21:30:52.631] [console] [info]  Receive Command: Id 258 Seq 11020  [mid360_command_handler.cpp] [Handle] [67]
[2026-08-15 21:30:53.123] [console] [info] Handle detection data, handle:2483136704, dev_type:9, sn:47MCN7H0032048, cmd_port:56100  [general_command_handler.cpp] [HandleDetectionData] [319]
[2026-08-15 21:30:53.631] [console] [info]  Receive Command: Id 258 Seq 11046  [mid360_command_handler.cpp] [Handle] [67]
[2026-08-15 21:30:54.123] [console] [info] Handle detection data, handle:2483136704, dev_type:9, sn:47MCN7H0032048, cmd_port:56100  [general_command_handler.cpp] [HandleDetectionData] [319]
[2026-08-15 21:30:54.631] [console] [info]  Receive Command: Id 258 Seq 11072  [mid360_command_handler.cpp] [Handle] [67]
[2026-08-15 21:30:55.123] [console] [info] Handle detection data, handle:2483136704, dev_type:9, sn:47MCN7H0032048, cmd_port:56100  [general_command_handler.cpp] [HandleDetectionData] [319]
[2026-08-15 21:30:55.631] [console] [info]  Receive Command: Id 258 Seq 11098  [mid360_command_handler.cpp] [Handle] [67]
[2026-08-15 21:30:56.123] [console] [info] Handle detection data, handle:2483136704, dev_type:9, sn:47MCN7H0032048, cmd_port:56100  [general_command_handler.cpp] [HandleDetectionData] [319]
[2026-08-15 21:30:56.631] [console] [info]  Receive Command: Id 258 Seq 11124  [mid360_command_handler.cpp] [Handle] [67]
[2026-08-15 21:30:57.123] [console] [info] Handle detection data, handle:2483136704, dev_type:9, sn:47MCN7H0032048, cmd_port:56100  [general_command_handler.cpp] [HandleDetectionData] [319]
[2026-08-15 21:30:57.631] [console] [info]  Receive Command: Id 258 Seq 11150  [mid360_command_handler.cpp] [Handle] [67]
[2026-08-15 21:30:58.123] [console] [info] Handle detection data, handle:2483136704, dev_type:9, sn:47MCN7H0032048, cmd_port:56100  [general_command_handler.cpp] [HandleDetectionData] [319]
[2026-08-15 21:30:58.632] [console] [info]  Receive Command: Id 258 Seq 11176  [mid360_command_handler.cpp] [Handle] [67]
[2026-08-15 21:30:59.124] [console] [info] Handle detection data, handle:2483136704, dev_type:9, sn:47MCN7H0032048, cmd_port:56100  [general_command_handler.cpp] [HandleDetectionData] [319]
[2026-08-15 21:30:59.632] [console] [info]  Receive Command: Id 258 Seq 11202  [mid360_command_handler.cpp] [Handle] [67]
[2026-08-15 21:31:00.124] [console] [info] Handle detection data, handle:2483136704, dev_type:9, sn:47MCN7H0032048, cmd_port:56100  [general_command_handler.cpp] [HandleDetectionData] [319]
[2026-08-15 21:31:00.632] [console] [info]  Receive Command: Id 258 Seq 11228  [mid360_command_handler.cpp] [Handle] [67]
[2026-08-15 21:31:01.124] [console] [info] Handle detection data, handle:2483136704, dev_type:9, sn:47MCN7H0032048, cmd_port:56100  [general_command_handler.cpp] [HandleDetectionData] [319]
[2026-08-15 21:31:01.632] [console] [info]  Receive Command: Id 258 Seq 11254  [mid360_command_handler.cpp] [Handle] [67]
[2026-08-15 21:31:02.124] [console] [info] Handle detection data, handle:2483136704, dev_type:9, sn:47MCN7H0032048, cmd_port:56100  [general_command_handler.cpp] [HandleDetectionData] [319]
[2026-08-15 21:31:02.632] [console] [info]  Receive Command: Id 258 Seq 11280  [mid360_command_handler.cpp] [Handle] [67]
[2026-08-15 21:31:03.124] [console] [info] Handle detection data, handle:2483136704, dev_type:9, sn:47MCN7H0032048, cmd_port:56100  [general_command_handler.cpp] [HandleDetectionData] [319]
[2026-08-15 21:31:03.632] [console] [info]  Receive Command: Id 258 Seq 11306  [mid360_command_handler.cpp] [Handle] [67]
[2026-08-15 21:31:04.124] [console] [info] Handle detection data, handle:2483136704, dev_type:9, sn:47MCN7H0032048, cmd_port:56100  [general_command_handler.cpp] [HandleDetectionData] [319]
[2026-08-15 21:31:04.632] [console] [info]  Receive Command: Id 258 Seq 11332  [mid360_command_handler.cpp] [Handle] [67]
[2026-08-15 21:31:05.124] [console] [info] Handle detection data, handle:2483136704, dev_type:9, sn:47MCN7H0032048, cmd_port:56100  [general_command_handler.cpp] [HandleDetectionData] [319]
[2026-08-15 21:31:05.632] [console] [info]  Receive Command: Id 258 Seq 11358  [mid360_command_handler.cpp] [Handle] [67]
[2026-08-15 21:31:06.124] [console] [info] Handle detection data, handle:2483136704, dev_type:9, sn:47MCN7H0032048, cmd_port:56100  [general_command_handler.cpp] [HandleDetectionData] [319]
[2026-08-15 21:31:06.632] [console] [info]  Receive Command: Id 258 Seq 11384  [mid360_command_handler.cpp] [Handle] [67]
[2026-08-15 21:31:07.124] [console] [info] Handle detection data, handle:2483136704, dev_type:9, sn:47MCN7H0032048, cmd_port:56100  [general_command_handler.cpp] [HandleDetectionData] [319]
[2026-08-15 21:31:07.632] [console] [info]  Receive Command: Id 258 Seq 11410  [mid360_command_handler.cpp] [Handle] [67]
[2026-08-15 21:31:08.124] [console] [info] Handle detection data, handle:2483136704, dev_type:9, sn:47MCN7H0032048, cmd_port:56100  [general_command_handler.cpp] [HandleDetectionData] [319]
[2026-08-15 21:31:08.632] [console] [info]  Receive Command: Id 258 Seq 11436  [mid360_command_handler.cpp] [Handle] [67]
[2026-08-15 21:31:09.124] [console] [info] Handle detection data, handle:2483136704, dev_type:9, sn:47MCN7H0032048, cmd_port:56100  [general_command_handler.cpp] [HandleDetectionData] [319]
[2026-08-15 21:31:09.632] [console] [info]  Receive Command: Id 258 Seq 11462  [mid360_command_handler.cpp] [Handle] [67]
[2026-08-15 21:31:10.124] [console] [info] Handle detection data, handle:2483136704, dev_type:9, sn:47MCN7H0032048, cmd_port:56100  [general_command_handler.cpp] [HandleDetectionData] [319]
[2026-08-15 21:31:10.632] [console] [info]  Receive Command: Id 258 Seq 11488  [mid360_command_handler.cpp] [Handle] [67]
[2026-08-15 21:31:11.124] [console] [info] Handle detection data, handle:2483136704, dev_type:9, sn:47MCN7H0032048, cmd_port:56100  [general_command_handler.cpp] [HandleDetectionData] [319]
[2026-08-15 21:31:11.632] [console] [info]  Receive Command: Id 258 Seq 11514  [mid360_command_handler.cpp] [Handle] [67]
[2026-08-15 21:31:12.124] [console] [info] Handle detection data, handle:2483136704, dev_type:9, sn:47MCN7H0032048, cmd_port:56100  [general_command_handler.cpp] [HandleDetectionData] [319]
[2026-08-15 21:31:12.632] [console] [info]  Receive Command: Id 258 Seq 11540  [mid360_command_handler.cpp] [Handle] [67]
[2026-08-15 21:31:13.124] [console] [info] Handle detection data, handle:2483136704, dev_type:9, sn:47MCN7H0032048, cmd_port:56100  [general_command_handler.cpp] [HandleDetectionData] [319]
[2026-08-15 21:31:13.632] [console] [info]  Receive Command: Id 258 Seq 11566  [mid360_command_handler.cpp] [Handle] [67]
[2026-08-15 21:31:14.124] [console] [info] Handle detection data, handle:2483136704, dev_type:9, sn:47MCN7H0032048, cmd_port:56100  [general_command_handler.cpp] [HandleDetectionData] [319]
[2026-08-15 21:31:14.632] [console] [info]  Receive Command: Id 258 Seq 11592  [mid360_command_handler.cpp] [Handle] [67]
[2026-08-15 21:31:15.124] [console] [info] Handle detection data, handle:2483136704, dev_type:9, sn:47MCN7H0032048, cmd_port:56100  [general_command_handler.cpp] [HandleDetectionData] [319]
[2026-08-15 21:31:15.632] [console] [info]  Receive Command: Id 258 Seq 11618  [mid360_command_handler.cpp] [Handle] [67]
[2026-08-15 21:31:16.124] [console] [info] Handle detection data, handle:2483136704, dev_type:9, sn:47MCN7H0032048, cmd_port:56100  [general_command_handler.cpp] [HandleDetectionData] [319]
[2026-08-15 21:31:16.632] [console] [info]  Receive Command: Id 258 Seq 11644  [mid360_command_handler.cpp] [Handle] [67]
[2026-08-15 21:31:17.126] [console] [info] Handle detection data, handle:2483136704, dev_type:9, sn:47MCN7H0032048, cmd_port:56100  [general_command_handler.cpp] [HandleDetectionData] [319]
[2026-08-15 21:31:17.632] [console] [info]  Receive Command: Id 258 Seq 11670  [mid360_command_handler.cpp] [Handle] [67]
[2026-08-15 21:31:18.126] [console] [info] Handle detection data, handle:2483136704, dev_type:9, sn:47MCN7H0032048, cmd_port:56100  [general_command_handler.cpp] [HandleDetectionData] [319]
[2026-08-15 21:31:18.632] [console] [info]  Receive Command: Id 258 Seq 11696  [mid360_command_handler.cpp] [Handle] [67]
[2026-08-15 21:31:19.126] [console] [info] Handle detection data, handle:2483136704, dev_type:9, sn:47MCN7H0032048, cmd_port:56100  [general_command_handler.cpp] [HandleDetectionData] [319]
[2026-08-15 21:31:19.632] [console] [info]  Receive Command: Id 258 Seq 11722  [mid360_command_handler.cpp] [Handle] [67]
[2026-08-15 21:31:20.126] [console] [info] Handle detection data, handle:2483136704, dev_type:9, sn:47MCN7H0032048, cmd_port:56100  [general_command_handler.cpp] [HandleDetectionData] [319]
[2026-08-15 21:31:20.632] [console] [info]  Receive Command: Id 258 Seq 11748  [mid360_command_handler.cpp] [Handle] [67]
[2026-08-15 21:31:21.126] [console] [info] Handle detection data, handle:2483136704, dev_type:9, sn:47MCN7H0032048, cmd_port:56100  [general_command_handler.cpp] [HandleDetectionData] [319]
[2026-08-15 21:31:21.632] [console] [info]  Receive Command: Id 258 Seq 11774  [mid360_command_handler.cpp] [Handle] [67]
[2026-08-15 21:31:22.126] [console] [info] Handle detection data, handle:2483136704, dev_type:9, sn:47MCN7H0032048, cmd_port:56100  [general_command_handler.cpp] [HandleDetectionData] [319]
[2026-08-15 21:31:22.632] [console] [info]  Receive Command: Id 258 Seq 11800  [mid360_command_handler.cpp] [Handle] [67]
[2026-08-15 21:31:23.126] [console] [info] Handle detection data, handle:2483136704, dev_type:9, sn:47MCN7H0032048, cmd_port:56100  [general_command_handler.cpp] [HandleDetectionData] [319]
[2026-08-15 21:31:23.632] [console] [info]  Receive Command: Id 258 Seq 11826  [mid360_command_handler.cpp] [Handle] [67]
[2026-08-15 21:31:24.126] [console] [info] Handle detection data, handle:2483136704, dev_type:9, sn:47MCN7H0032048, cmd_port:56100  [general_command_handler.cpp] [HandleDetectionData] [319]
[2026-08-15 21:31:24.632] [console] [info]  Receive Command: Id 258 Seq 11852  [mid360_command_handler.cpp] [Handle] [67]
[2026-08-15 21:31:25.126] [console] [info] Handle detection data, handle:2483136704, dev_type:9, sn:47MCN7H0032048, cmd_port:56100  [general_command_handler.cpp] [HandleDetectionData] [319]
[2026-08-15 21:31:25.632] [console] [info]  Receive Command: Id 258 Seq 11878  [mid360_command_handler.cpp] [Handle] [67]
[2026-08-15 21:31:26.126] [console] [info] Handle detection data, handle:2483136704, dev_type:9, sn:47MCN7H0032048, cmd_port:56100  [general_command_handler.cpp] [HandleDetectionData] [319]
[2026-08-15 21:31:26.632] [console] [info]  Receive Command: Id 258 Seq 11904  [mid360_command_handler.cpp] [Handle] [67]
[2026-08-15 21:31:27.126] [console] [info] Handle detection data, handle:2483136704, dev_type:9, sn:47MCN7H0032048, cmd_port:56100  [general_command_handler.cpp] [HandleDetectionData] [319]
[2026-08-15 21:31:27.633] [console] [info]  Receive Command: Id 258 Seq 11930  [mid360_command_handler.cpp] [Handle] [67]
[2026-08-15 21:31:28.126] [console] [info] Handle detection data, handle:2483136704, dev_type:9, sn:47MCN7H0032048, cmd_port:56100  [general_command_handler.cpp] [HandleDetectionData] [319]
[2026-08-15 21:31:28.632] [console] [info]  Receive Command: Id 258 Seq 11956  [mid360_command_handler.cpp] [Handle] [67]
[2026-08-15 21:31:29.127] [console] [info] Handle detection data, handle:2483136704, dev_type:9, sn:47MCN7H0032048, cmd_port:56100  [general_command_handler.cpp] [HandleDetectionData] [319]
[2026-08-15 21:31:29.632] [console] [info]  Receive Command: Id 258 Seq 11982  [mid360_command_handler.cpp] [Handle] [67]
[2026-08-15 21:31:30.127] [console] [info] Handle detection data, handle:2483136704, dev_type:9, sn:47MCN7H0032048, cmd_port:56100  [general_command_handler.cpp] [HandleDetectionData] [319]
[2026-08-15 21:31:30.632] [console] [info]  Receive Command: Id 258 Seq 12008  [mid360_command_handler.cpp] [Handle] [67]
[2026-08-15 21:31:31.127] [console] [info] Handle detection data, handle:2483136704, dev_type:9, sn:47MCN7H0032048, cmd_port:56100  [general_command_handler.cpp] [HandleDetectionData] [319]
[2026-08-15 21:31:31.632] [console] [info]  Receive Command: Id 258 Seq 12034  [mid360_command_handler.cpp] [Handle] [67]
[2026-08-15 21:31:32.127] [console] [info] Handle detection data, handle:2483136704, dev_type:9, sn:47MCN7H0032048, cmd_port:56100  [general_command_handler.cpp] [HandleDetectionData] [319]
[2026-08-15 21:31:32.633] [console] [info]  Receive Command: Id 258 Seq 12060  [mid360_command_handler.cpp] [Handle] [67]
[2026-08-15 21:31:33.127] [console] [info] Handle detection data, handle:2483136704, dev_type:9, sn:47MCN7H0032048, cmd_port:56100  [general_command_handler.cpp] [HandleDetectionData] [319]
[2026-08-15 21:31:33.633] [console] [info]  Receive Command: Id 258 Seq 12086  [mid360_command_handler.cpp] [Handle] [67]
[2026-08-15 21:31:34.127] [console] [info] Handle detection data, handle:2483136704, dev_type:9, sn:47MCN7H0032048, cmd_port:56100  [general_command_handler.cpp] [HandleDetectionData] [319]
[2026-08-15 21:31:34.633] [console] [info]  Receive Command: Id 258 Seq 12112  [mid360_command_handler.cpp] [Handle] [67]
[2026-08-15 21:31:35.127] [console] [info] Handle detection data, handle:2483136704, dev_type:9, sn:47MCN7H0032048, cmd_port:56100  [general_command_handler.cpp] [HandleDetectionData] [319]
[2026-08-15 21:31:35.633] [console] [info]  Receive Command: Id 258 Seq 12138  [mid360_command_handler.cpp] [Handle] [67]
[2026-08-15 21:31:36.127] [console] [info] Handle detection data, handle:2483136704, dev_type:9, sn:47MCN7H0032048, cmd_port:56100  [general_command_handler.cpp] [HandleDetectionData] [319]
[2026-08-15 21:31:36.633] [console] [info]  Receive Command: Id 258 Seq 12164  [mid360_command_handler.cpp] [Handle] [67]
[2026-08-15 21:31:37.127] [console] [info] Handle detection data, handle:2483136704, dev_type:9, sn:47MCN7H0032048, cmd_port:56100  [general_command_handler.cpp] [HandleDetectionData] [319]
[2026-08-15 21:31:37.633] [console] [info]  Receive Command: Id 258 Seq 12190  [mid360_command_handler.cpp] [Handle] [67]
[2026-08-15 21:31:38.127] [console] [info] Handle detection data, handle:2483136704, dev_type:9, sn:47MCN7H0032048, cmd_port:56100  [general_command_handler.cpp] [HandleDetectionData] [319]
[2026-08-15 21:31:38.633] [console] [info]  Receive Command: Id 258 Seq 12216  [mid360_command_handler.cpp] [Handle] [67]
[2026-08-15 21:31:39.127] [console] [info] Handle detection data, handle:2483136704, dev_type:9, sn:47MCN7H0032048, cmd_port:56100  [general_command_handler.cpp] [HandleDetectionData] [319]
[2026-08-15 21:31:39.633] [console] [info]  Receive Command: Id 258 Seq 12242  [mid360_command_handler.cpp] [Handle] [67]
[2026-08-15 21:31:40.127] [console] [info] Handle detection data, handle:2483136704, dev_type:9, sn:47MCN7H0032048, cmd_port:56100  [general_command_handler.cpp] [HandleDetectionData] [319]
[2026-08-15 21:31:40.633] [console] [info]  Receive Command: Id 258 Seq 12268  [mid360_command_handler.cpp] [Handle] [67]
[2026-08-15 21:31:41.127] [console] [info] Handle detection data, handle:2483136704, dev_type:9, sn:47MCN7H0032048, cmd_port:56100  [general_command_handler.cpp] [HandleDetectionData] [319]
[2026-08-15 21:31:41.633] [console] [info]  Receive Command: Id 258 Seq 12294  [mid360_command_handler.cpp] [Handle] [67]
[2026-08-15 21:31:42.127] [console] [info] Handle detection data, handle:2483136704, dev_type:9, sn:47MCN7H0032048, cmd_port:56100  [general_command_handler.cpp] [HandleDetectionData] [319]
[2026-08-15 21:31:42.633] [console] [info]  Receive Command: Id 258 Seq 12320  [mid360_command_handler.cpp] [Handle] [67]
[2026-08-15 21:31:43.127] [console] [info] Handle detection data, handle:2483136704, dev_type:9, sn:47MCN7H0032048, cmd_port:56100  [general_command_handler.cpp] [HandleDetectionData] [319]
[2026-08-15 21:31:43.633] [console] [info]  Receive Command: Id 258 Seq 12346  [mid360_command_handler.cpp] [Handle] [67]
[2026-08-15 21:31:44.127] [console] [info] Handle detection data, handle:2483136704, dev_type:9, sn:47MCN7H0032048, cmd_port:56100  [general_command_handler.cpp] [HandleDetectionData] [319]
[2026-08-15 21:31:44.633] [console] [info]  Receive Command: Id 258 Seq 12372  [mid360_command_handler.cpp] [Handle] [67]
[2026-08-15 21:31:45.127] [console] [info] Handle detection data, handle:2483136704, dev_type:9, sn:47MCN7H0032048, cmd_port:56100  [general_command_handler.cpp] [HandleDetectionData] [319]
[2026-08-15 21:31:45.633] [console] [info]  Receive Command: Id 258 Seq 12398  [mid360_command_handler.cpp] [Handle] [67]
[2026-08-15 21:31:46.127] [console] [info] Handle detection data, handle:2483136704, dev_type:9, sn:47MCN7H0032048, cmd_port:56100  [general_command_handler.cpp] [HandleDetectionData] [319]
[2026-08-15 21:31:46.633] [console] [info]  Receive Command: Id 258 Seq 12424  [mid360_command_handler.cpp] [Handle] [67]
[2026-08-15 21:31:47.127] [console] [info] Handle detection data, handle:2483136704, dev_type:9, sn:47MCN7H0032048, cmd_port:56100  [general_command_handler.cpp] [HandleDetectionData] [319]
[2026-08-15 21:31:47.633] [console] [info]  Receive Command: Id 258 Seq 12450  [mid360_command_handler.cpp] [Handle] [67]
[2026-08-15 21:31:48.129] [console] [info] Handle detection data, handle:2483136704, dev_type:9, sn:47MCN7H0032048, cmd_port:56100  [general_command_handler.cpp] [HandleDetectionData] [319]
[2026-08-15 21:31:48.633] [console] [info]  Receive Command: Id 258 Seq 12476  [mid360_command_handler.cpp] [Handle] [67]
[2026-08-15 21:31:49.129] [console] [info] Handle detection data, handle:2483136704, dev_type:9, sn:47MCN7H0032048, cmd_port:56100  [general_command_handler.cpp] [HandleDetectionData] [319]
[2026-08-15 21:31:49.633] [console] [info]  Receive Command: Id 258 Seq 12502  [mid360_command_handler.cpp] [Handle] [67]
[2026-08-15 21:31:50.129] [console] [info] Handle detection data, handle:2483136704, dev_type:9, sn:47MCN7H0032048, cmd_port:56100  [general_command_handler.cpp] [HandleDetectionData] [319]
[2026-08-15 21:31:50.633] [console] [info]  Receive Command: Id 258 Seq 12528  [mid360_command_handler.cpp] [Handle] [67]
[2026-08-15 21:31:51.129] [console] [info] Handle detection data, handle:2483136704, dev_type:9, sn:47MCN7H0032048, cmd_port:56100  [general_command_handler.cpp] [HandleDetectionData] [319]
[2026-08-15 21:31:51.633] [console] [info]  Receive Command: Id 258 Seq 12554  [mid360_command_handler.cpp] [Handle] [67]
[2026-08-15 21:31:52.129] [console] [info] Handle detection data, handle:2483136704, dev_type:9, sn:47MCN7H0032048, cmd_port:56100  [general_command_handler.cpp] [HandleDetectionData] [319]
[2026-08-15 21:31:52.633] [console] [info]  Receive Command: Id 258 Seq 12580  [mid360_command_handler.cpp] [Handle] [67]
[2026-08-15 21:31:53.129] [console] [info] Handle detection data, handle:2483136704, dev_type:9, sn:47MCN7H0032048, cmd_port:56100  [general_command_handler.cpp] [HandleDetectionData] [319]
[2026-08-15 21:31:53.633] [console] [info]  Receive Command: Id 258 Seq 12606  [mid360_command_handler.cpp] [Handle] [67]
[2026-08-15 21:31:54.129] [console] [info] Handle detection data, handle:2483136704, dev_type:9, sn:47MCN7H0032048, cmd_port:56100  [general_command_handler.cpp] [HandleDetectionData] [319]
[2026-08-15 21:31:54.633] [console] [info]  Receive Command: Id 258 Seq 12632  [mid360_command_handler.cpp] [Handle] [67]
[2026-08-15 21:31:55.129] [console] [info] Handle detection data, handle:2483136704, dev_type:9, sn:47MCN7H0032048, cmd_port:56100  [general_command_handler.cpp] [HandleDetectionData] [319]
[2026-08-15 21:31:55.633] [console] [info]  Receive Command: Id 258 Seq 12658  [mid360_command_handler.cpp] [Handle] [67]
[2026-08-15 21:31:56.129] [console] [info] Handle detection data, handle:2483136704, dev_type:9, sn:47MCN7H0032048, cmd_port:56100  [general_command_handler.cpp] [HandleDetectionData] [319]
[2026-08-15 21:31:56.633] [console] [info]  Receive Command: Id 258 Seq 12684  [mid360_command_handler.cpp] [Handle] [67]
[2026-08-15 21:31:57.129] [console] [info] Handle detection data, handle:2483136704, dev_type:9, sn:47MCN7H0032048, cmd_port:56100  [general_command_handler.cpp] [HandleDetectionData] [319]
[2026-08-15 21:31:57.633] [console] [info]  Receive Command: Id 258 Seq 12710  [mid360_command_handler.cpp] [Handle] [67]
[2026-08-15 21:31:58.129] [console] [info] Handle detection data, handle:2483136704, dev_type:9, sn:47MCN7H0032048, cmd_port:56100  [general_command_handler.cpp] [HandleDetectionData] [319]
[2026-08-15 21:31:58.633] [console] [info]  Receive Command: Id 258 Seq 12736  [mid360_command_handler.cpp] [Handle] [67]
[2026-08-15 21:31:59.129] [console] [info] Handle detection data, handle:2483136704, dev_type:9, sn:47MCN7H0032048, cmd_port:56100  [general_command_handler.cpp] [HandleDetectionData] [319]
[2026-08-15 21:31:59.633] [console] [info]  Receive Command: Id 258 Seq 12762  [mid360_command_handler.cpp] [Handle] [67]
[2026-08-15 21:32:00.129] [console] [info] Handle detection data, handle:2483136704, dev_type:9, sn:47MCN7H0032048, cmd_port:56100  [general_command_handler.cpp] [HandleDetectionData] [319]
[2026-08-15 21:32:00.633] [console] [info]  Receive Command: Id 258 Seq 12788  [mid360_command_handler.cpp] [Handle] [67]
[2026-08-15 21:32:01.129] [console] [info] Handle detection data, handle:2483136704, dev_type:9, sn:47MCN7H0032048, cmd_port:56100  [general_command_handler.cpp] [HandleDetectionData] [319]
[2026-08-15 21:32:01.633] [console] [info]  Receive Command: Id 258 Seq 12814  [mid360_command_handler.cpp] [Handle] [67]
[2026-08-15 21:32:02.129] [console] [info] Handle detection data, handle:2483136704, dev_type:9, sn:47MCN7H0032048, cmd_port:56100  [general_command_handler.cpp] [HandleDetectionData] [319]
[2026-08-15 21:32:02.633] [console] [info]  Receive Command: Id 258 Seq 12840  [mid360_command_handler.cpp] [Handle] [67]
[2026-08-15 21:32:03.129] [console] [info] Handle detection data, handle:2483136704, dev_type:9, sn:47MCN7H0032048, cmd_port:56100  [general_command_handler.cpp] [HandleDetectionData] [319]
[2026-08-15 21:32:03.633] [console] [info]  Receive Command: Id 258 Seq 12866  [mid360_command_handler.cpp] [Handle] [67]
[2026-08-15 21:32:04.129] [console] [info] Handle detection data, handle:2483136704, dev_type:9, sn:47MCN7H0032048, cmd_port:56100  [general_command_handler.cpp] [HandleDetectionData] [319]
[2026-08-15 21:32:04.633] [console] [info]  Receive Command: Id 258 Seq 12892  [mid360_command_handler.cpp] [Handle] [67]
[2026-08-15 21:32:05.129] [console] [info] Handle detection data, handle:2483136704, dev_type:9, sn:47MCN7H0032048, cmd_port:56100  [general_command_handler.cpp] [HandleDetectionData] [319]
[2026-08-15 21:32:05.633] [console] [info]  Receive Command: Id 258 Seq 12918  [mid360_command_handler.cpp] [Handle] [67]
[2026-08-15 21:32:06.129] [console] [info] Handle detection data, handle:2483136704, dev_type:9, sn:47MCN7H0032048, cmd_port:56100  [general_command_handler.cpp] [HandleDetectionData] [319]
[2026-08-15 21:32:06.633] [console] [info]  Receive Command: Id 258 Seq 12944  [mid360_command_handler.cpp] [Handle] [67]
[2026-08-15 21:32:07.129] [console] [info] Handle detection data, handle:2483136704, dev_type:9, sn:47MCN7H0032048, cmd_port:56100  [general_command_handler.cpp] [HandleDetectionData] [319]
[2026-08-15 21:32:07.633] [console] [info]  Receive Command: Id 258 Seq 12970  [mid360_command_handler.cpp] [Handle] [67]
[2026-08-15 21:32:08.129] [console] [info] Handle detection data, handle:2483136704, dev_type:9, sn:47MCN7H0032048, cmd_port:56100  [general_command_handler.cpp] [HandleDetectionData] [319]
[2026-08-15 21:32:08.633] [console] [info]  Receive Command: Id 258 Seq 12996  [mid360_command_handler.cpp] [Handle] [67]
[2026-08-15 21:32:09.129] [console] [info] Handle detection data, handle:2483136704, dev_type:9, sn:47MCN7H0032048, cmd_port:56100  [general_command_handler.cpp] [HandleDetectionData] [319]
[2026-08-15 21:32:09.633] [console] [info]  Receive Command: Id 258 Seq 13022  [mid360_command_handler.cpp] [Handle] [67]
[2026-08-15 21:32:10.129] [console] [info] Handle detection data, handle:2483136704, dev_type:9, sn:47MCN7H0032048, cmd_port:56100  [general_command_handler.cpp] [HandleDetectionData] [319]
[2026-08-15 21:32:10.633] [console] [info]  Receive Command: Id 258 Seq 13048  [mid360_command_handler.cpp] [Handle] [67]
[2026-08-15 21:32:11.131] [console] [info] Handle detection data, handle:2483136704, dev_type:9, sn:47MCN7H0032048, cmd_port:56100  [general_command_handler.cpp] [HandleDetectionData] [319]
[2026-08-15 21:32:11.633] [console] [info]  Receive Command: Id 258 Seq 13074  [mid360_command_handler.cpp] [Handle] [67]
[2026-08-15 21:32:12.131] [console] [info] Handle detection data, handle:2483136704, dev_type:9, sn:47MCN7H0032048, cmd_port:56100  [general_command_handler.cpp] [HandleDetectionData] [319]
[2026-08-15 21:32:12.633] [console] [info]  Receive Command: Id 258 Seq 13100  [mid360_command_handler.cpp] [Handle] [67]
[2026-08-15 21:32:13.131] [console] [info] Handle detection data, handle:2483136704, dev_type:9, sn:47MCN7H0032048, cmd_port:56100  [general_command_handler.cpp] [HandleDetectionData] [319]
[2026-08-15 21:32:13.633] [console] [info]  Receive Command: Id 258 Seq 13126  [mid360_command_handler.cpp] [Handle] [67]
[2026-08-15 21:32:14.131] [console] [info] Handle detection data, handle:2483136704, dev_type:9, sn:47MCN7H0032048, cmd_port:56100  [general_command_handler.cpp] [HandleDetectionData] [319]
[2026-08-15 21:32:14.633] [console] [info]  Receive Command: Id 258 Seq 13152  [mid360_command_handler.cpp] [Handle] [67]
[2026-08-15 21:32:15.131] [console] [info] Handle detection data, handle:2483136704, dev_type:9, sn:47MCN7H0032048, cmd_port:56100  [general_command_handler.cpp] [HandleDetectionData] [319]
[2026-08-15 21:32:15.633] [console] [info]  Receive Command: Id 258 Seq 13178  [mid360_command_handler.cpp] [Handle] [67]
[2026-08-15 21:32:16.131] [console] [info] Handle detection data, handle:2483136704, dev_type:9, sn:47MCN7H0032048, cmd_port:56100  [general_command_handler.cpp] [HandleDetectionData] [319]
[2026-08-15 21:32:16.633] [console] [info]  Receive Command: Id 258 Seq 13204  [mid360_command_handler.cpp] [Handle] [67]
[2026-08-15 21:32:17.131] [console] [info] Handle detection data, handle:2483136704, dev_type:9, sn:47MCN7H0032048, cmd_port:56100  [general_command_handler.cpp] [HandleDetectionData] [319]
[2026-08-15 21:32:17.633] [console] [info]  Receive Command: Id 258 Seq 13230  [mid360_command_handler.cpp] [Handle] [67]
[2026-08-15 21:32:18.131] [console] [info] Handle detection data, handle:2483136704, dev_type:9, sn:47MCN7H0032048, cmd_port:56100  [general_command_handler.cpp] [HandleDetectionData] [319]
[2026-08-15 21:32:18.633] [console] [info]  Receive Command: Id 258 Seq 13256  [mid360_command_handler.cpp] [Handle] [67]
[2026-08-15 21:32:19.131] [console] [info] Handle detection data, handle:2483136704, dev_type:9, sn:47MCN7H0032048, cmd_port:56100  [general_command_handler.cpp] [HandleDetectionData] [319]
[2026-08-15 21:32:19.633] [console] [info]  Receive Command: Id 258 Seq 13282  [mid360_command_handler.cpp] [Handle] [67]
[2026-08-15 21:32:20.131] [console] [info] Handle detection data, handle:2483136704, dev_type:9, sn:47MCN7H0032048, cmd_port:56100  [general_command_handler.cpp] [HandleDetectionData] [319]
[2026-08-15 21:32:20.633] [console] [info]  Receive Command: Id 258 Seq 13308  [mid360_command_handler.cpp] [Handle] [67]
[2026-08-15 21:32:21.131] [console] [info] Handle detection data, handle:2483136704, dev_type:9, sn:47MCN7H0032048, cmd_port:56100  [general_command_handler.cpp] [HandleDetectionData] [319]
[2026-08-15 21:32:21.633] [console] [info]  Receive Command: Id 258 Seq 13334  [mid360_command_handler.cpp] [Handle] [67]
[2026-08-15 21:32:22.131] [console] [info] Handle detection data, handle:2483136704, dev_type:9, sn:47MCN7H0032048, cmd_port:56100  [general_command_handler.cpp] [HandleDetectionData] [319]
[2026-08-15 21:32:22.633] [console] [info]  Receive Command: Id 258 Seq 13360  [mid360_command_handler.cpp] [Handle] [67]
[2026-08-15 21:32:23.131] [console] [info] Handle detection data, handle:2483136704, dev_type:9, sn:47MCN7H0032048, cmd_port:56100  [general_command_handler.cpp] [HandleDetectionData] [319]
[2026-08-15 21:32:23.633] [console] [info]  Receive Command: Id 258 Seq 13386  [mid360_command_handler.cpp] [Handle] [67]
[2026-08-15 21:32:24.131] [console] [info] Handle detection data, handle:2483136704, dev_type:9, sn:47MCN7H0032048, cmd_port:56100  [general_command_handler.cpp] [HandleDetectionData] [319]
[2026-08-15 21:32:24.632] [console] [info]  Receive Command: Id 258 Seq 13412  [mid360_command_handler.cpp] [Handle] [67]
[2026-08-15 21:32:25.131] [console] [info] Handle detection data, handle:2483136704, dev_type:9, sn:47MCN7H0032048, cmd_port:56100  [general_command_handler.cpp] [HandleDetectionData] [319]
[2026-08-15 21:32:25.632] [console] [info]  Receive Command: Id 258 Seq 13438  [mid360_command_handler.cpp] [Handle] [67]
[2026-08-15 21:32:26.131] [console] [info] Handle detection data, handle:2483136704, dev_type:9, sn:47MCN7H0032048, cmd_port:56100  [general_command_handler.cpp] [HandleDetectionData] [319]
[2026-08-15 21:32:26.632] [console] [info]  Receive Command: Id 258 Seq 13464  [mid360_command_handler.cpp] [Handle] [67]
[2026-08-15 21:32:27.131] [console] [info] Handle detection data, handle:2483136704, dev_type:9, sn:47MCN7H0032048, cmd_port:56100  [general_command_handler.cpp] [HandleDetectionData] [319]
[2026-08-15 21:32:27.632] [console] [info]  Receive Command: Id 258 Seq 13490  [mid360_command_handler.cpp] [Handle] [67]
[2026-08-15 21:32:28.131] [console] [info] Handle detection data, handle:2483136704, dev_type:9, sn:47MCN7H0032048, cmd_port:56100  [general_command_handler.cpp] [HandleDetectionData] [319]
[2026-08-15 21:32:28.632] [console] [info]  Receive Command: Id 258 Seq 13516  [mid360_command_handler.cpp] [Handle] [67]
[2026-08-15 21:32:29.130] [console] [info] Handle detection data, handle:2483136704, dev_type:9, sn:47MCN7H0032048, cmd_port:56100  [general_command_handler.cpp] [HandleDetectionData] [319]
[2026-08-15 21:32:29.632] [console] [info]  Receive Command: Id 258 Seq 13542  [mid360_command_handler.cpp] [Handle] [67]
[2026-08-15 21:32:30.130] [console] [info] Handle detection data, handle:2483136704, dev_type:9, sn:47MCN7H0032048, cmd_port:56100  [general_command_handler.cpp] [HandleDetectionData] [319]
[2026-08-15 21:32:30.632] [console] [info]  Receive Command: Id 258 Seq 13568  [mid360_command_handler.cpp] [Handle] [67]
[2026-08-15 21:32:31.132] [console] [info] Handle detection data, handle:2483136704, dev_type:9, sn:47MCN7H0032048, cmd_port:56100  [general_command_handler.cpp] [HandleDetectionData] [319]
[2026-08-15 21:32:31.632] [console] [info]  Receive Command: Id 258 Seq 13594  [mid360_command_handler.cpp] [Handle] [67]
[2026-08-15 21:32:32.132] [console] [info] Handle detection data, handle:2483136704, dev_type:9, sn:47MCN7H0032048, cmd_port:56100  [general_command_handler.cpp] [HandleDetectionData] [319]
[2026-08-15 21:32:32.632] [console] [info]  Receive Command: Id 258 Seq 13620  [mid360_command_handler.cpp] [Handle] [67]
[2026-08-15 21:32:33.132] [console] [info] Handle detection data, handle:2483136704, dev_type:9, sn:47MCN7H0032048, cmd_port:56100  [general_command_handler.cpp] [HandleDetectionData] [319]
[2026-08-15 21:32:33.632] [console] [info]  Receive Command: Id 258 Seq 13646  [mid360_command_handler.cpp] [Handle] [67]
[2026-08-15 21:32:34.132] [console] [info] Handle detection data, handle:2483136704, dev_type:9, sn:47MCN7H0032048, cmd_port:56100  [general_command_handler.cpp] [HandleDetectionData] [319]
[2026-08-15 21:32:34.632] [console] [info]  Receive Command: Id 258 Seq 13672  [mid360_command_handler.cpp] [Handle] [67]
[2026-08-15 21:32:35.132] [console] [info] Handle detection data, handle:2483136704, dev_type:9, sn:47MCN7H0032048, cmd_port:56100  [general_command_handler.cpp] [HandleDetectionData] [319]
[2026-08-15 21:32:35.632] [console] [info]  Receive Command: Id 258 Seq 13698  [mid360_command_handler.cpp] [Handle] [67]
[2026-08-15 21:32:36.132] [console] [info] Handle detection data, handle:2483136704, dev_type:9, sn:47MCN7H0032048, cmd_port:56100  [general_command_handler.cpp] [HandleDetectionData] [319]
[2026-08-15 21:32:36.632] [console] [info]  Receive Command: Id 258 Seq 13724  [mid360_command_handler.cpp] [Handle] [67]
[2026-08-15 21:32:37.132] [console] [info] Handle detection data, handle:2483136704, dev_type:9, sn:47MCN7H0032048, cmd_port:56100  [general_command_handler.cpp] [HandleDetectionData] [319]
[33m[WARN] [1786797157.443517382]: Shutdown request received.[0m
[33m[WARN] [1786797157.443554619]: Reason given for shutdown: [user request][0m
Livox Lidar SDK Deinit completely!
lddc destory!!!!!!!!!!!!!!!!!!!!!!!!!!!!!!!!!!!!!!!!!!!!!
lds destory!!!!!!!!!!!!!!!!!!!!!!!!!!!!!!!!!!!!!!!!!!!!!
[31m================================================================================REQUIRED process [livox_lidar_publisher2-1] has died!
process has finished cleanly
log file: /home/mprp3/.ros/log/685be1d4-98a4-11f1-a63f-d770f2def5a0/livox_lidar_publisher2-1*.log
Initiating shutdown!
================================================================================[0m
... logging to /home/mprp3/.ros/log/685be1d4-98a4-11f1-a63f-d770f2def5a0/roslaunch-mprp3-3351.log
Checking log directory for disk usage. This may take a while.
Press Ctrl-C to interrupt
Done checking log file disk usage. Usage is <1GB.
]2;/home/mprp3/ws_livox/src/livox_ros_driver2/launch_ROS1/msg_MID360.launch
[1mstarted roslaunch server http://mprp3:35931/[0m

SUMMARY
========

PARAMETERS
 * /cmdline_file_path: livox_test.lvx
 * /cmdline_str: 100000000000000
 * /data_src: 0
 * /enable_imu_bag: True
 * /enable_lidar_bag: True
 * /frame_id: livox_frame
 * /multi_topic: 0
 * /output_data_type: 0
 * /publish_freq: 10.0
 * /rosdistro: noetic
 * /rosversion: 1.17.4
 * /user_config_path: /home/mprp3/ws_li...
 * /xfer_format: 1

NODES
  /
    livox_lidar_publisher2 (livox_ros_driver2/livox_ros_driver2_node)

[1mROS_MASTER_URI=http://127.0.0.1:11311[0m
]2;/home/mprp3/ws_livox/src/livox_ros_driver2/launch_ROS1/msg_MID360.launch http://127.0.0.1:11311
[1mprocess[livox_lidar_publisher2-1]: started with pid [3394][0m
[livox_lidar_publisher2-1] killing on exit
shutting down processing monitor...
... shutting down processing monitor complete
[1mdone[0m
