session,t_ros,state,level,reason,fitness,inlier_ratio,prediction_translation_m,prediction_rotation_rad,consistent_candidate_count,registration_backend,reset_count,map_id
210339_wrong_localization,1786795419.503774881,TRACKING,0,STATIONARY_CORRECTION_SUPPRESSED,1000000000.000000,0.000000,0.000000,0.000000,0,pcl_gicp,1,merged_0707_0725_v1
210339_wrong_localization,1786795420.338697195,TRACKING,0,STATIONARY_CORRECTION_SUPPRESSED,1000000000.000000,0.000000,0.000000,0.000000,0,pcl_gicp,1,merged_0707_0725_v1
210339_wrong_localization,1786795421.338500977,TRACKING,0,STATIONARY_CORRECTION_SUPPRESSED,1000000000.000000,0.000000,0.000000,0.000000,0,pcl_gicp,1,merged_0707_0725_v1
210339_wrong_localization,1786795422.440655947,TRACKING,0,STATIONARY_CORRECTION_SUPPRESSED,1000000000.000000,0.000000,0.000000,0.000000,0,pcl_gicp,1,merged_0707_0725_v1
210339_wrong_localization,1786795423.541793823,TRACKING,0,STATIONARY_CORRECTION_SUPPRESSED,1000000000.000000,0.000000,0.000000,0.000000,0,pcl_gicp,1,merged_0707_0725_v1
210339_wrong_localization,1786795424.639814854,TRACKING,0,STATIONARY_CORRECTION_SUPPRESSED,1000000000.000000,0.000000,0.000000,0.000000,0,pcl_gicp,1,merged_0707_0725_v1
210339_wrong_localization,1786795425.642339945,TRACKING,0,STATIONARY_CORRECTION_SUPPRESSED,1000000000.000000,0.000000,0.000000,0.000000,0,pcl_gicp,1,merged_0707_0725_v1
210339_wrong_localization,1786795426.640681267,TRACKING,0,STATIONARY_CORRECTION_SUPPRESSED,1000000000.000000,0.000000,0.000000,0.000000,0,pcl_gicp,1,merged_0707_0725_v1
210339_wrong_localization,1786795427.738983870,TRACKING,0,STATIONARY_CORRECTION_SUPPRESSED,1000000000.000000,0.000000,0.000000,0.000000,0,pcl_gicp,1,merged_0707_0725_v1
210339_wrong_localization,1786795428.739438772,TRACKING,0,STATIONARY_CORRECTION_SUPPRESSED,1000000000.000000,0.000000,0.000000,0.000000,0,pcl_gicp,1,merged_0707_0725_v1
210339_wrong_localization,1786795429.840092182,TRACKING,0,STATIONARY_CORRECTION_SUPPRESSED,1000000000.000000,0.000000,0.000000,0.000000,0,pcl_gicp,1,merged_0707_0725_v1
210339_wrong_localization,1786795430.839511395,TRACKING,0,STATIONARY_CORRECTION_SUPPRESSED,1000000000.000000,0.000000,0.000000,0.000000,0,pcl_gicp,1,merged_0707_0725_v1
210339_wrong_localization,1786795431.839786768,TRACKING,0,STATIONARY_CORRECTION_SUPPRESSED,1000000000.000000,0.000000,0.000000,0.000000,0,pcl_gicp,1,merged_0707_0725_v1
210339_wrong_localization,1786795432.839061737,TRACKING,0,STATIONARY_CORRECTION_SUPPRESSED,1000000000.000000,0.000000,0.000000,0.000000,0,pcl_gicp,1,merged_0707_0725_v1
210339_wrong_localization,1786795433.842799664,TRACKING,0,STATIONARY_CORRECTION_SUPPRESSED,1000000000.000000,0.000000,0.000000,0.000000,0,pcl_gicp,1,merged_0707_0725_v1
210339_wrong_localization,1786795434.938858271,TRACKING,0,STATIONARY_CORRECTION_SUPPRESSED,1000000000.000000,0.000000,0.000000,0.000000,0,pcl_gicp,1,merged_0707_0725_v1
210339_wrong_localization,1786795435.938993931,TRACKING,0,STATIONARY_CORRECTION_SUPPRESSED,1000000000.000000,0.000000,0.000000,0.000000,0,pcl_gicp,1,merged_0707_0725_v1
210339_wrong_localization,1786795437.038751364,TRACKING,0,STATIONARY_CORRECTION_SUPPRESSED,1000000000.000000,0.000000,0.000000,0.000000,0,pcl_gicp,1,merged_0707_0725_v1
210339_wrong_localization,1786795438.038916588,TRACKING,0,STATIONARY_CORRECTION_SUPPRESSED,1000000000.000000,0.000000,0.000000,0.000000,0,pcl_gicp,1,merged_0707_0725_v1
210339_wrong_localization,1786795439.139274597,TRACKING,0,STATIONARY_CORRECTION_SUPPRESSED,1000000000.000000,0.000000,0.000000,0.000000,0,pcl_gicp,1,merged_0707_0725_v1
210339_wrong_localization,1786795440.240986586,TRACKING,0,STATIONARY_CORRECTION_SUPPRESSED,1000000000.000000,0.000000,0.000000,0.000000,0,pcl_gicp,1,merged_0707_0725_v1
210339_wrong_localization,1786795441.342083693,TRACKING,0,STATIONARY_CORRECTION_SUPPRESSED,1000000000.000000,0.000000,0.000000,0.000000,0,pcl_gicp,1,merged_0707_0725_v1
210339_wrong_localization,1786795442.339227915,TRACKING,0,STATIONARY_CORRECTION_SUPPRESSED,1000000000.000000,0.000000,0.000000,0.000000,0,pcl_gicp,1,merged_0707_0725_v1
210339_wrong_localization,1786795443.443946600,TRACKING,0,STATIONARY_CORRECTION_SUPPRESSED,1000000000.000000,0.000000,0.000000,0.000000,0,pcl_gicp,1,merged_0707_0725_v1
210339_wrong_localization,1786795444.541449070,TRACKING,0,STATIONARY_CORRECTION_SUPPRESSED,1000000000.000000,0.000000,0.000000,0.000000,0,pcl_gicp,1,merged_0707_0725_v1
210339_wrong_localization,1786795445.543446779,TRACKING,0,STATIONARY_CORRECTION_SUPPRESSED,1000000000.000000,0.000000,0.000000,0.000000,0,pcl_gicp,1,merged_0707_0725_v1
210339_wrong_localization,1786795446.539300203,TRACKING,0,STATIONARY_CORRECTION_SUPPRESSED,1000000000.000000,0.000000,0.000000,0.000000,0,pcl_gicp,1,merged_0707_0725_v1
210339_wrong_localization,1786795447.539777517,TRACKING,0,STATIONARY_CORRECTION_SUPPRESSED,1000000000.000000,0.000000,0.000000,0.000000,0,pcl_gicp,1,merged_0707_0725_v1
210339_wrong_localization,1786795448.650301218,TRACKING,0,STATIONARY_CORRECTION_SUPPRESSED,1000000000.000000,0.000000,0.000000,0.000000,0,pcl_gicp,1,merged_0707_0725_v1
210339_wrong_localization,1786795449.641311407,TRACKING,0,STATIONARY_CORRECTION_SUPPRESSED,1000000000.000000,0.000000,0.000000,0.000000,0,pcl_gicp,1,merged_0707_0725_v1
210339_wrong_localization,1786795450.641494989,TRACKING,0,STATIONARY_CORRECTION_SUPPRESSED,1000000000.000000,0.000000,0.000000,0.000000,0,pcl_gicp,1,merged_0707_0725_v1
210339_wrong_localization,1786795451.641266108,TRACKING,0,STATIONARY_CORRECTION_SUPPRESSED,1000000000.000000,0.000000,0.000000,0.000000,0,pcl_gicp,1,merged_0707_0725_v1
210339_wrong_localization,1786795452.743446827,TRACKING,0,STATIONARY_CORRECTION_SUPPRESSED,1000000000.000000,0.000000,0.000000,0.000000,0,pcl_gicp,1,merged_0707_0725_v1
210339_wrong_localization,1786795453.739807129,TRACKING,0,STATIONARY_CORRECTION_SUPPRESSED,1000000000.000000,0.000000,0.000000,0.000000,0,pcl_gicp,1,merged_0707_0725_v1
210339_wrong_localization,1786795454.741086245,TRACKING,0,STATIONARY_CORRECTION_SUPPRESSED,1000000000.000000,0.000000,0.000000,0.000000,0,pcl_gicp,1,merged_0707_0725_v1
210339_wrong_localization,1786795455.740895987,TRACKING,0,STATIONARY_CORRECTION_SUPPRESSED,1000000000.000000,0.000000,0.000000,0.000000,0,pcl_gicp,1,merged_0707_0725_v1
210339_wrong_localization,1786795456.842443705,TRACKING,0,STATIONARY_CORRECTION_SUPPRESSED,1000000000.000000,0.000000,0.000000,0.000000,0,pcl_gicp,1,merged_0707_0725_v1
210339_wrong_localization,1786795457.941452503,TRACKING,0,STATIONARY_CORRECTION_SUPPRESSED,1000000000.000000,0.000000,0.000000,0.000000,0,pcl_gicp,1,merged_0707_0725_v1
210339_wrong_localization,1786795459.041710615,TRACKING,0,STATIONARY_CORRECTION_SUPPRESSED,1000000000.000000,0.000000,0.000000,0.000000,0,pcl_gicp,1,merged_0707_0725_v1
210339_wrong_localization,1786795460.144455910,TRACKING,0,STATIONARY_CORRECTION_SUPPRESSED,1000000000.000000,0.000000,0.000000,0.000000,0,pcl_gicp,1,merged_0707_0725_v1
210339_wrong_localization,1786795461.240050316,TRACKING,0,STATIONARY_CORRECTION_SUPPRESSED,1000000000.000000,0.000000,0.000000,0.000000,0,pcl_gicp,1,merged_0707_0725_v1
210339_wrong_localization,1786795462.242459297,TRACKING,0,STATIONARY_CORRECTION_SUPPRESSED,1000000000.000000,0.000000,0.000000,0.000000,0,pcl_gicp,1,merged_0707_0725_v1
210339_wrong_localization,1786795463.337074280,TRACKING,0,STATIONARY_CORRECTION_SUPPRESSED,1000000000.000000,0.000000,0.000000,0.000000,0,pcl_gicp,1,merged_0707_0725_v1
210339_wrong_localization,1786795464.337093592,TRACKING,0,STATIONARY_CORRECTION_SUPPRESSED,1000000000.000000,0.000000,0.000000,0.000000,0,pcl_gicp,1,merged_0707_0725_v1
210339_wrong_localization,1786795465.336850643,TRACKING,0,STATIONARY_CORRECTION_SUPPRESSED,1000000000.000000,0.000000,0.000000,0.000000,0,pcl_gicp,1,merged_0707_0725_v1
210339_wrong_localization,1786795466.437473059,TRACKING,0,STATIONARY_CORRECTION_SUPPRESSED,1000000000.000000,0.000000,0.000000,0.000000,0,pcl_gicp,1,merged_0707_0725_v1
210339_wrong_localization,1786795467.436807156,TRACKING,0,STATIONARY_CORRECTION_SUPPRESSED,1000000000.000000,0.000000,0.000000,0.000000,0,pcl_gicp,1,merged_0707_0725_v1
210339_wrong_localization,1786795468.437832117,TRACKING,0,STATIONARY_CORRECTION_SUPPRESSED,1000000000.000000,0.000000,0.000000,0.000000,0,pcl_gicp,1,merged_0707_0725_v1
210339_wrong_localization,1786795469.537456989,TRACKING,0,STATIONARY_CORRECTION_SUPPRESSED,1000000000.000000,0.000000,0.000000,0.000000,0,pcl_gicp,1,merged_0707_0725_v1
210339_wrong_localization,1786795470.640191793,TRACKING,0,STATIONARY_CORRECTION_SUPPRESSED,1000000000.000000,0.000000,0.000000,0.000000,0,pcl_gicp,1,merged_0707_0725_v1
210339_wrong_localization,1786795471.735653639,TRACKING,0,STATIONARY_CORRECTION_SUPPRESSED,1000000000.000000,0.000000,0.000000,0.000000,0,pcl_gicp,1,merged_0707_0725_v1
210339_wrong_localization,1786795472.838818073,TRACKING,0,STATIONARY_CORRECTION_SUPPRESSED,1000000000.000000,0.000000,0.000000,0.000000,0,pcl_gicp,1,merged_0707_0725_v1
210339_wrong_localization,1786795473.838795900,TRACKING,0,STATIONARY_CORRECTION_SUPPRESSED,1000000000.000000,0.000000,0.000000,0.000000,0,pcl_gicp,1,merged_0707_0725_v1
210339_wrong_localization,1786795474.838837862,TRACKING,0,STATIONARY_CORRECTION_SUPPRESSED,1000000000.000000,0.000000,0.000000,0.000000,0,pcl_gicp,1,merged_0707_0725_v1
210339_wrong_localization,1786795475.936595678,TRACKING,0,STATIONARY_CORRECTION_SUPPRESSED,1000000000.000000,0.000000,0.000000,0.000000,0,pcl_gicp,1,merged_0707_0725_v1
210339_wrong_localization,1786795476.938672543,TRACKING,0,STATIONARY_CORRECTION_SUPPRESSED,1000000000.000000,0.000000,0.000000,0.000000,0,pcl_gicp,1,merged_0707_0725_v1
210339_wrong_localization,1786795477.935474873,TRACKING,0,STATIONARY_CORRECTION_SUPPRESSED,1000000000.000000,0.000000,0.000000,0.000000,0,pcl_gicp,1,merged_0707_0725_v1
210339_wrong_localization,1786795479.036126614,TRACKING,0,STATIONARY_CORRECTION_SUPPRESSED,1000000000.000000,0.000000,0.000000,0.000000,0,pcl_gicp,1,merged_0707_0725_v1
210339_wrong_localization,1786795480.136239290,TRACKING,0,STATIONARY_CORRECTION_SUPPRESSED,1000000000.000000,0.000000,0.000000,0.000000,0,pcl_gicp,1,merged_0707_0725_v1
210339_wrong_localization,1786795481.237192154,TRACKING,0,STATIONARY_CORRECTION_SUPPRESSED,1000000000.000000,0.000000,0.000000,0.000000,0,pcl_gicp,1,merged_0707_0725_v1
210339_wrong_localization,1786795482.235852718,TRACKING,0,STATIONARY_CORRECTION_SUPPRESSED,1000000000.000000,0.000000,0.000000,0.000000,0,pcl_gicp,1,merged_0707_0725_v1
210339_wrong_localization,1786795483.339349270,TRACKING,0,STATIONARY_CORRECTION_SUPPRESSED,1000000000.000000,0.000000,0.000000,0.000000,0,pcl_gicp,1,merged_0707_0725_v1
210339_wrong_localization,1786795484.437357903,TRACKING,0,STATIONARY_CORRECTION_SUPPRESSED,1000000000.000000,0.000000,0.000000,0.000000,0,pcl_gicp,1,merged_0707_0725_v1
210339_wrong_localization,1786795485.538546085,TRACKING,0,STATIONARY_CORRECTION_SUPPRESSED,1000000000.000000,0.000000,0.000000,0.000000,0,pcl_gicp,1,merged_0707_0725_v1
210339_wrong_localization,1786795486.537989378,TRACKING,0,STATIONARY_CORRECTION_SUPPRESSED,1000000000.000000,0.000000,0.000000,0.000000,0,pcl_gicp,1,merged_0707_0725_v1
210339_wrong_localization,1786795487.638502598,TRACKING,0,STATIONARY_CORRECTION_SUPPRESSED,1000000000.000000,0.000000,0.000000,0.000000,0,pcl_gicp,1,merged_0707_0725_v1
210339_wrong_localization,1786795488.737489939,TRACKING,0,STATIONARY_CORRECTION_SUPPRESSED,1000000000.000000,0.000000,0.000000,0.000000,0,pcl_gicp,1,merged_0707_0725_v1
210339_wrong_localization,1786795489.738847971,TRACKING,0,STATIONARY_CORRECTION_SUPPRESSED,1000000000.000000,0.000000,0.000000,0.000000,0,pcl_gicp,1,merged_0707_0725_v1
210339_wrong_localization,1786795490.739879847,TRACKING,0,STATIONARY_CORRECTION_SUPPRESSED,1000000000.000000,0.000000,0.000000,0.000000,0,pcl_gicp,1,merged_0707_0725_v1
210339_wrong_localization,1786795491.738751173,TRACKING,0,STATIONARY_CORRECTION_SUPPRESSED,1000000000.000000,0.000000,0.000000,0.000000,0,pcl_gicp,1,merged_0707_0725_v1
210339_wrong_localization,1786795492.838439226,TRACKING,0,STATIONARY_CORRECTION_SUPPRESSED,1000000000.000000,0.000000,0.000000,0.000000,0,pcl_gicp,1,merged_0707_0725_v1
210339_wrong_localization,1786795493.838270187,TRACKING,0,STATIONARY_CORRECTION_SUPPRESSED,1000000000.000000,0.000000,0.000000,0.000000,0,pcl_gicp,1,merged_0707_0725_v1
210339_wrong_localization,1786795494.837466717,TRACKING,0,STATIONARY_CORRECTION_SUPPRESSED,1000000000.000000,0.000000,0.000000,0.000000,0,pcl_gicp,1,merged_0707_0725_v1
210339_wrong_localization,1786795495.839628458,TRACKING,0,STATIONARY_CORRECTION_SUPPRESSED,1000000000.000000,0.000000,0.000000,0.000000,0,pcl_gicp,1,merged_0707_0725_v1
210339_wrong_localization,1786795496.940257311,TRACKING,0,STATIONARY_CORRECTION_SUPPRESSED,1000000000.000000,0.000000,0.000000,0.000000,0,pcl_gicp,1,merged_0707_0725_v1
210339_wrong_localization,1786795498.039056301,TRACKING,0,STATIONARY_CORRECTION_SUPPRESSED,1000000000.000000,0.000000,0.000000,0.000000,0,pcl_gicp,1,merged_0707_0725_v1
210339_wrong_localization,1786795499.039239883,TRACKING,0,STATIONARY_CORRECTION_SUPPRESSED,1000000000.000000,0.000000,0.000000,0.000000,0,pcl_gicp,1,merged_0707_0725_v1
210339_wrong_localization,1786795500.042761564,TRACKING,0,STATIONARY_CORRECTION_SUPPRESSED,1000000000.000000,0.000000,0.000000,0.000000,0,pcl_gicp,1,merged_0707_0725_v1
210339_wrong_localization,1786795501.137383699,TRACKING,0,STATIONARY_CORRECTION_SUPPRESSED,1000000000.000000,0.000000,0.000000,0.000000,0,pcl_gicp,1,merged_0707_0725_v1
210339_wrong_localization,1786795502.237973928,TRACKING,0,STATIONARY_CORRECTION_SUPPRESSED,1000000000.000000,0.000000,0.000000,0.000000,0,pcl_gicp,1,merged_0707_0725_v1
210339_wrong_localization,1786795503.237392426,TRACKING,0,STATIONARY_CORRECTION_SUPPRESSED,1000000000.000000,0.000000,0.000000,0.000000,0,pcl_gicp,1,merged_0707_0725_v1
210339_wrong_localization,1786795504.238404274,TRACKING,0,STATIONARY_CORRECTION_SUPPRESSED,1000000000.000000,0.000000,0.000000,0.000000,0,pcl_gicp,1,merged_0707_0725_v1
210339_wrong_localization,1786795505.339918137,TRACKING,0,STATIONARY_CORRECTION_SUPPRESSED,1000000000.000000,0.000000,0.000000,0.000000,0,pcl_gicp,1,merged_0707_0725_v1
210339_wrong_localization,1786795506.439484596,TRACKING,0,STATIONARY_CORRECTION_SUPPRESSED,1000000000.000000,0.000000,0.000000,0.000000,0,pcl_gicp,1,merged_0707_0725_v1
210339_wrong_localization,1786795507.438205004,TRACKING,0,STATIONARY_CORRECTION_SUPPRESSED,1000000000.000000,0.000000,0.000000,0.000000,0,pcl_gicp,1,merged_0707_0725_v1
210339_wrong_localization,1786795508.538616180,TRACKING,0,STATIONARY_CORRECTION_SUPPRESSED,1000000000.000000,0.000000,0.000000,0.000000,0,pcl_gicp,1,merged_0707_0725_v1
210339_wrong_localization,1786795509.539438009,TRACKING,0,STATIONARY_CORRECTION_SUPPRESSED,1000000000.000000,0.000000,0.000000,0.000000,0,pcl_gicp,1,merged_0707_0725_v1
210339_wrong_localization,1786795510.643487930,TRACKING,0,STATIONARY_CORRECTION_SUPPRESSED,1000000000.000000,0.000000,0.000000,0.000000,0,pcl_gicp,1,merged_0707_0725_v1
210339_wrong_localization,1786795511.741899252,TRACKING,0,STATIONARY_CORRECTION_SUPPRESSED,1000000000.000000,0.000000,0.000000,0.000000,0,pcl_gicp,1,merged_0707_0725_v1
210339_wrong_localization,1786795512.835210085,TRACKING,0,STATIONARY_CORRECTION_SUPPRESSED,1000000000.000000,0.000000,0.000000,0.000000,0,pcl_gicp,1,merged_0707_0725_v1
210339_wrong_localization,1786795513.837856293,TRACKING,0,STATIONARY_CORRECTION_SUPPRESSED,1000000000.000000,0.000000,0.000000,0.000000,0,pcl_gicp,1,merged_0707_0725_v1
210339_wrong_localization,1786795514.938663244,TRACKING,0,STATIONARY_CORRECTION_SUPPRESSED,1000000000.000000,0.000000,0.000000,0.000000,0,pcl_gicp,1,merged_0707_0725_v1
210339_wrong_localization,1786795516.040669203,TRACKING,0,STATIONARY_CORRECTION_SUPPRESSED,1000000000.000000,0.000000,0.000000,0.000000,0,pcl_gicp,1,merged_0707_0725_v1
210339_wrong_localization,1786795517.138394833,TRACKING,0,STATIONARY_CORRECTION_SUPPRESSED,1000000000.000000,0.000000,0.000000,0.000000,0,pcl_gicp,1,merged_0707_0725_v1
210339_wrong_localization,1786795518.238688707,TRACKING,0,STATIONARY_CORRECTION_SUPPRESSED,1000000000.000000,0.000000,0.000000,0.000000,0,pcl_gicp,1,merged_0707_0725_v1
210339_wrong_localization,1786795519.238862991,TRACKING,0,STATIONARY_CORRECTION_SUPPRESSED,1000000000.000000,0.000000,0.000000,0.000000,0,pcl_gicp,1,merged_0707_0725_v1
210339_wrong_localization,1786795520.339336872,TRACKING,0,STATIONARY_CORRECTION_SUPPRESSED,1000000000.000000,0.000000,0.000000,0.000000,0,pcl_gicp,1,merged_0707_0725_v1
210339_wrong_localization,1786795521.339102983,TRACKING,0,STATIONARY_CORRECTION_SUPPRESSED,1000000000.000000,0.000000,0.000000,0.000000,0,pcl_gicp,1,merged_0707_0725_v1
210339_wrong_localization,1786795522.441244125,TRACKING,0,STATIONARY_CORRECTION_SUPPRESSED,1000000000.000000,0.000000,0.000000,0.000000,0,pcl_gicp,1,merged_0707_0725_v1
210339_wrong_localization,1786795523.440024853,TRACKING,0,STATIONARY_CORRECTION_SUPPRESSED,1000000000.000000,0.000000,0.000000,0.000000,0,pcl_gicp,1,merged_0707_0725_v1
210339_wrong_localization,1786795524.438893080,TRACKING,0,STATIONARY_CORRECTION_SUPPRESSED,1000000000.000000,0.000000,0.000000,0.000000,0,pcl_gicp,1,merged_0707_0725_v1
210339_wrong_localization,1786795525.439578772,TRACKING,0,STATIONARY_CORRECTION_SUPPRESSED,1000000000.000000,0.000000,0.000000,0.000000,0,pcl_gicp,1,merged_0707_0725_v1
210339_wrong_localization,1786795526.539498329,TRACKING,0,STATIONARY_CORRECTION_SUPPRESSED,1000000000.000000,0.000000,0.000000,0.000000,0,pcl_gicp,1,merged_0707_0725_v1
210339_wrong_localization,1786795527.641483068,TRACKING,0,STATIONARY_CORRECTION_SUPPRESSED,1000000000.000000,0.000000,0.000000,0.000000,0,pcl_gicp,1,merged_0707_0725_v1
210339_wrong_localization,1786795528.738204241,TRACKING,0,STATIONARY_CORRECTION_SUPPRESSED,1000000000.000000,0.000000,0.000000,0.000000,0,pcl_gicp,1,merged_0707_0725_v1
210339_wrong_localization,1786795529.742386341,TRACKING,0,STATIONARY_CORRECTION_SUPPRESSED,1000000000.000000,0.000000,0.000000,0.000000,0,pcl_gicp,1,merged_0707_0725_v1
210339_wrong_localization,1786795530.843791485,TRACKING,0,STATIONARY_CORRECTION_SUPPRESSED,1000000000.000000,0.000000,0.000000,0.000000,0,pcl_gicp,1,merged_0707_0725_v1
210339_wrong_localization,1786795531.940518379,TRACKING,0,STATIONARY_CORRECTION_SUPPRESSED,1000000000.000000,0.000000,0.000000,0.000000,0,pcl_gicp,1,merged_0707_0725_v1
210339_wrong_localization,1786795532.940771103,TRACKING,0,STATIONARY_CORRECTION_SUPPRESSED,1000000000.000000,0.000000,0.000000,0.000000,0,pcl_gicp,1,merged_0707_0725_v1
210339_wrong_localization,1786795533.939576626,TRACKING,0,STATIONARY_CORRECTION_SUPPRESSED,1000000000.000000,0.000000,0.000000,0.000000,0,pcl_gicp,1,merged_0707_0725_v1
210339_wrong_localization,1786795535.040226936,TRACKING,0,STATIONARY_CORRECTION_SUPPRESSED,1000000000.000000,0.000000,0.000000,0.000000,0,pcl_gicp,1,merged_0707_0725_v1
210339_wrong_localization,1786795536.140139103,TRACKING,0,STATIONARY_CORRECTION_SUPPRESSED,1000000000.000000,0.000000,0.000000,0.000000,0,pcl_gicp,1,merged_0707_0725_v1
210339_wrong_localization,1786795537.240093231,TRACKING,0,STATIONARY_CORRECTION_SUPPRESSED,1000000000.000000,0.000000,0.000000,0.000000,0,pcl_gicp,1,merged_0707_0725_v1
210339_wrong_localization,1786795538.341315985,TRACKING,0,STATIONARY_CORRECTION_SUPPRESSED,1000000000.000000,0.000000,0.000000,0.000000,0,pcl_gicp,1,merged_0707_0725_v1
210339_wrong_localization,1786795539.342585325,TRACKING,0,STATIONARY_CORRECTION_SUPPRESSED,1000000000.000000,0.000000,0.000000,0.000000,0,pcl_gicp,1,merged_0707_0725_v1
210339_wrong_localization,1786795540.436650991,TRACKING,0,STATIONARY_CORRECTION_SUPPRESSED,1000000000.000000,0.000000,0.000000,0.000000,0,pcl_gicp,1,merged_0707_0725_v1
210339_wrong_localization,1786795541.443732738,TRACKING,0,STATIONARY_CORRECTION_SUPPRESSED,1000000000.000000,0.000000,0.000000,0.000000,0,pcl_gicp,1,merged_0707_0725_v1
210339_wrong_localization,1786795542.540597677,TRACKING,0,STATIONARY_CORRECTION_SUPPRESSED,1000000000.000000,0.000000,0.000000,0.000000,0,pcl_gicp,1,merged_0707_0725_v1
210339_wrong_localization,1786795543.639601469,TRACKING,0,STATIONARY_CORRECTION_SUPPRESSED,1000000000.000000,0.000000,0.000000,0.000000,0,pcl_gicp,1,merged_0707_0725_v1
210339_wrong_localization,1786795544.639546871,TRACKING,0,STATIONARY_CORRECTION_SUPPRESSED,1000000000.000000,0.000000,0.000000,0.000000,0,pcl_gicp,1,merged_0707_0725_v1
210339_wrong_localization,1786795545.643089294,TRACKING,0,STATIONARY_CORRECTION_SUPPRESSED,1000000000.000000,0.000000,0.000000,0.000000,0,pcl_gicp,1,merged_0707_0725_v1
210339_wrong_localization,1786795546.639429808,TRACKING,0,STATIONARY_CORRECTION_SUPPRESSED,1000000000.000000,0.000000,0.000000,0.000000,0,pcl_gicp,1,merged_0707_0725_v1
210339_wrong_localization,1786795547.738334179,TRACKING,0,STATIONARY_CORRECTION_SUPPRESSED,1000000000.000000,0.000000,0.000000,0.000000,0,pcl_gicp,1,merged_0707_0725_v1
210339_wrong_localization,1786795548.841471434,TRACKING,0,STATIONARY_CORRECTION_SUPPRESSED,1000000000.000000,0.000000,0.000000,0.000000,0,pcl_gicp,1,merged_0707_0725_v1
210339_wrong_localization,1786795549.837719679,TRACKING,0,STATIONARY_CORRECTION_SUPPRESSED,1000000000.000000,0.000000,0.000000,0.000000,0,pcl_gicp,1,merged_0707_0725_v1
210339_wrong_localization,1786795550.937371492,TRACKING,0,STATIONARY_CORRECTION_SUPPRESSED,1000000000.000000,0.000000,0.000000,0.000000,0,pcl_gicp,1,merged_0707_0725_v1
210339_wrong_localization,1786795551.939098835,TRACKING,0,STATIONARY_CORRECTION_SUPPRESSED,1000000000.000000,0.000000,0.000000,0.000000,0,pcl_gicp,1,merged_0707_0725_v1
210339_wrong_localization,1786795552.942285538,TRACKING,0,STATIONARY_CORRECTION_SUPPRESSED,1000000000.000000,0.000000,0.000000,0.000000,0,pcl_gicp,1,merged_0707_0725_v1
210339_wrong_localization,1786795554.038470030,TRACKING,0,STATIONARY_CORRECTION_SUPPRESSED,1000000000.000000,0.000000,0.000000,0.000000,0,pcl_gicp,1,merged_0707_0725_v1
210339_wrong_localization,1786795555.139994621,TRACKING,0,STATIONARY_CORRECTION_SUPPRESSED,1000000000.000000,0.000000,0.000000,0.000000,0,pcl_gicp,1,merged_0707_0725_v1
210339_wrong_localization,1786795556.136126995,TRACKING,0,STATIONARY_CORRECTION_SUPPRESSED,1000000000.000000,0.000000,0.000000,0.000000,0,pcl_gicp,1,merged_0707_0725_v1
210339_wrong_localization,1786795557.239454508,TRACKING,0,STATIONARY_CORRECTION_SUPPRESSED,1000000000.000000,0.000000,0.000000,0.000000,0,pcl_gicp,1,merged_0707_0725_v1
210339_wrong_localization,1786795558.344712973,TRACKING,0,STATIONARY_CORRECTION_SUPPRESSED,1000000000.000000,0.000000,0.000000,0.000000,0,pcl_gicp,1,merged_0707_0725_v1
210339_wrong_localization,1786795559.340117216,TRACKING,0,STATIONARY_CORRECTION_SUPPRESSED,1000000000.000000,0.000000,0.000000,0.000000,0,pcl_gicp,1,merged_0707_0725_v1
210339_wrong_localization,1786795560.341323376,TRACKING,0,STATIONARY_CORRECTION_SUPPRESSED,1000000000.000000,0.000000,0.000000,0.000000,0,pcl_gicp,1,merged_0707_0725_v1
210339_wrong_localization,1786795561.340121984,TRACKING,0,STATIONARY_CORRECTION_SUPPRESSED,1000000000.000000,0.000000,0.000000,0.000000,0,pcl_gicp,1,merged_0707_0725_v1
210339_wrong_localization,1786795562.436598778,TRACKING,0,STATIONARY_CORRECTION_SUPPRESSED,1000000000.000000,0.000000,0.000000,0.000000,0,pcl_gicp,1,merged_0707_0725_v1
210339_wrong_localization,1786795563.439613342,TRACKING,0,STATIONARY_CORRECTION_SUPPRESSED,1000000000.000000,0.000000,0.000000,0.000000,0,pcl_gicp,1,merged_0707_0725_v1
210339_wrong_localization,1786795564.545119762,TRACKING,0,STATIONARY_CORRECTION_SUPPRESSED,1000000000.000000,0.000000,0.000000,0.000000,0,pcl_gicp,1,merged_0707_0725_v1
210339_wrong_localization,1786795565.635704756,TRACKING,0,STATIONARY_CORRECTION_SUPPRESSED,1000000000.000000,0.000000,0.000000,0.000000,0,pcl_gicp,1,merged_0707_0725_v1
210339_wrong_localization,1786795566.736636162,TRACKING,0,STATIONARY_CORRECTION_SUPPRESSED,1000000000.000000,0.000000,0.000000,0.000000,0,pcl_gicp,1,merged_0707_0725_v1
210339_wrong_localization,1786795567.735836506,TRACKING,0,STATIONARY_CORRECTION_SUPPRESSED,1000000000.000000,0.000000,0.000000,0.000000,0,pcl_gicp,1,merged_0707_0725_v1
210339_wrong_localization,1786795568.735902548,TRACKING,0,STATIONARY_CORRECTION_SUPPRESSED,1000000000.000000,0.000000,0.000000,0.000000,0,pcl_gicp,1,merged_0707_0725_v1
210339_wrong_localization,1786795569.837370634,TRACKING,0,STATIONARY_CORRECTION_SUPPRESSED,1000000000.000000,0.000000,0.000000,0.000000,0,pcl_gicp,1,merged_0707_0725_v1
210339_wrong_localization,1786795570.938312292,TRACKING,0,STATIONARY_CORRECTION_SUPPRESSED,1000000000.000000,0.000000,0.000000,0.000000,0,pcl_gicp,1,merged_0707_0725_v1
210339_wrong_localization,1786795571.936790228,TRACKING,0,STATIONARY_CORRECTION_SUPPRESSED,1000000000.000000,0.000000,0.000000,0.000000,0,pcl_gicp,1,merged_0707_0725_v1
210339_wrong_localization,1786795572.937284470,TRACKING,0,STATIONARY_CORRECTION_SUPPRESSED,1000000000.000000,0.000000,0.000000,0.000000,0,pcl_gicp,1,merged_0707_0725_v1
210339_wrong_localization,1786795574.036909580,TRACKING,0,STATIONARY_CORRECTION_SUPPRESSED,1000000000.000000,0.000000,0.000000,0.000000,0,pcl_gicp,1,merged_0707_0725_v1
210339_wrong_localization,1786795575.138703823,TRACKING,0,STATIONARY_CORRECTION_SUPPRESSED,1000000000.000000,0.000000,0.000000,0.000000,0,pcl_gicp,1,merged_0707_0725_v1
210339_wrong_localization,1786795576.237081766,TRACKING,0,STATIONARY_CORRECTION_SUPPRESSED,1000000000.000000,0.000000,0.000000,0.000000,0,pcl_gicp,1,merged_0707_0725_v1
210339_wrong_localization,1786795577.340306044,TRACKING,0,STATIONARY_CORRECTION_SUPPRESSED,1000000000.000000,0.000000,0.000000,0.000000,0,pcl_gicp,1,merged_0707_0725_v1
210339_wrong_localization,1786795578.435391426,TRACKING,0,STATIONARY_CORRECTION_SUPPRESSED,1000000000.000000,0.000000,0.000000,0.000000,0,pcl_gicp,1,merged_0707_0725_v1
210339_wrong_localization,1786795579.537256241,TRACKING,0,STATIONARY_CORRECTION_SUPPRESSED,1000000000.000000,0.000000,0.000000,0.000000,0,pcl_gicp,1,merged_0707_0725_v1
210339_wrong_localization,1786795580.639145613,TRACKING,0,STATIONARY_CORRECTION_SUPPRESSED,1000000000.000000,0.000000,0.000000,0.000000,0,pcl_gicp,1,merged_0707_0725_v1
210339_wrong_localization,1786795581.639129639,TRACKING,0,STATIONARY_CORRECTION_SUPPRESSED,1000000000.000000,0.000000,0.000000,0.000000,0,pcl_gicp,1,merged_0707_0725_v1
210339_wrong_localization,1786795582.639064789,TRACKING,0,STATIONARY_CORRECTION_SUPPRESSED,1000000000.000000,0.000000,0.000000,0.000000,0,pcl_gicp,1,merged_0707_0725_v1
210339_wrong_localization,1786795583.737996817,TRACKING,0,STATIONARY_CORRECTION_SUPPRESSED,1000000000.000000,0.000000,0.000000,0.000000,0,pcl_gicp,1,merged_0707_0725_v1
210339_wrong_localization,1786795584.838386536,TRACKING,0,STATIONARY_CORRECTION_SUPPRESSED,1000000000.000000,0.000000,0.000000,0.000000,0,pcl_gicp,1,merged_0707_0725_v1
210339_wrong_localization,1786795585.939869642,TRACKING,0,STATIONARY_CORRECTION_SUPPRESSED,1000000000.000000,0.000000,0.000000,0.000000,0,pcl_gicp,1,merged_0707_0725_v1
210339_wrong_localization,1786795587.035226583,TRACKING,0,STATIONARY_CORRECTION_SUPPRESSED,1000000000.000000,0.000000,0.000000,0.000000,0,pcl_gicp,1,merged_0707_0725_v1
210339_wrong_localization,1786795588.135577440,TRACKING,0,STATIONARY_CORRECTION_SUPPRESSED,1000000000.000000,0.000000,0.000000,0.000000,0,pcl_gicp,1,merged_0707_0725_v1
210339_wrong_localization,1786795589.135296106,TRACKING,0,STATIONARY_CORRECTION_SUPPRESSED,1000000000.000000,0.000000,0.000000,0.000000,0,pcl_gicp,1,merged_0707_0725_v1
210339_wrong_localization,1786795590.239133596,TRACKING,0,STATIONARY_CORRECTION_SUPPRESSED,1000000000.000000,0.000000,0.000000,0.000000,0,pcl_gicp,1,merged_0707_0725_v1
210339_wrong_localization,1786795591.340160131,TRACKING,0,STATIONARY_CORRECTION_SUPPRESSED,1000000000.000000,0.000000,0.000000,0.000000,0,pcl_gicp,1,merged_0707_0725_v1
210339_wrong_localization,1786795592.342536449,TRACKING,0,STATIONARY_CORRECTION_SUPPRESSED,1000000000.000000,0.000000,0.000000,0.000000,0,pcl_gicp,1,merged_0707_0725_v1
210339_wrong_localization,1786795593.339939594,TRACKING,0,STATIONARY_CORRECTION_SUPPRESSED,1000000000.000000,0.000000,0.000000,0.000000,0,pcl_gicp,1,merged_0707_0725_v1
210339_wrong_localization,1786795594.434907675,TRACKING,0,STATIONARY_CORRECTION_SUPPRESSED,1000000000.000000,0.000000,0.000000,0.000000,0,pcl_gicp,1,merged_0707_0725_v1
210339_wrong_localization,1786795595.536074877,TRACKING,0,STATIONARY_CORRECTION_SUPPRESSED,1000000000.000000,0.000000,0.000000,0.000000,0,pcl_gicp,1,merged_0707_0725_v1
210339_wrong_localization,1786795596.538410425,TRACKING,0,STATIONARY_CORRECTION_SUPPRESSED,1000000000.000000,0.000000,0.000000,0.000000,0,pcl_gicp,1,merged_0707_0725_v1
210339_wrong_localization,1786795597.638284922,TRACKING,0,STATIONARY_CORRECTION_SUPPRESSED,1000000000.000000,0.000000,0.000000,0.000000,0,pcl_gicp,1,merged_0707_0725_v1
210339_wrong_localization,1786795598.737494230,TRACKING,0,STATIONARY_CORRECTION_SUPPRESSED,1000000000.000000,0.000000,0.000000,0.000000,0,pcl_gicp,1,merged_0707_0725_v1
210339_wrong_localization,1786795599.839526176,TRACKING,0,STATIONARY_CORRECTION_SUPPRESSED,1000000000.000000,0.000000,0.000000,0.000000,0,pcl_gicp,1,merged_0707_0725_v1
210339_wrong_localization,1786795600.836453676,TRACKING,0,STATIONARY_CORRECTION_SUPPRESSED,1000000000.000000,0.000000,0.000000,0.000000,0,pcl_gicp,1,merged_0707_0725_v1
210339_wrong_localization,1786795601.837403297,TRACKING,0,STATIONARY_CORRECTION_SUPPRESSED,1000000000.000000,0.000000,0.000000,0.000000,0,pcl_gicp,1,merged_0707_0725_v1
210339_wrong_localization,1786795602.938216209,TRACKING,0,STATIONARY_CORRECTION_SUPPRESSED,1000000000.000000,0.000000,0.000000,0.000000,0,pcl_gicp,1,merged_0707_0725_v1
210339_wrong_localization,1786795603.935131073,TRACKING,0,STATIONARY_CORRECTION_SUPPRESSED,1000000000.000000,0.000000,0.000000,0.000000,0,pcl_gicp,1,merged_0707_0725_v1
210339_wrong_localization,1786795604.938937187,TRACKING,0,STATIONARY_CORRECTION_SUPPRESSED,1000000000.000000,0.000000,0.000000,0.000000,0,pcl_gicp,1,merged_0707_0725_v1
210339_wrong_localization,1786795606.037473440,TRACKING,0,STATIONARY_CORRECTION_SUPPRESSED,1000000000.000000,0.000000,0.000000,0.000000,0,pcl_gicp,1,merged_0707_0725_v1
210339_wrong_localization,1786795607.141276360,TRACKING,0,STATIONARY_CORRECTION_SUPPRESSED,1000000000.000000,0.000000,0.000000,0.000000,0,pcl_gicp,1,merged_0707_0725_v1
210339_wrong_localization,1786795608.235540152,TRACKING,0,STATIONARY_CORRECTION_SUPPRESSED,1000000000.000000,0.000000,0.000000,0.000000,0,pcl_gicp,1,merged_0707_0725_v1
210339_wrong_localization,1786795609.339329958,TRACKING,0,STATIONARY_CORRECTION_SUPPRESSED,1000000000.000000,0.000000,0.000000,0.000000,0,pcl_gicp,1,merged_0707_0725_v1
210339_wrong_localization,1786795610.435855150,TRACKING,0,STATIONARY_CORRECTION_SUPPRESSED,1000000000.000000,0.000000,0.000000,0.000000,0,pcl_gicp,1,merged_0707_0725_v1
210339_wrong_localization,1786795611.434915543,TRACKING,0,STATIONARY_CORRECTION_SUPPRESSED,1000000000.000000,0.000000,0.000000,0.000000,0,pcl_gicp,1,merged_0707_0725_v1
210339_wrong_localization,1786795612.539539337,TRACKING,0,STATIONARY_CORRECTION_SUPPRESSED,1000000000.000000,0.000000,0.000000,0.000000,0,pcl_gicp,1,merged_0707_0725_v1
210339_wrong_localization,1786795613.536374807,TRACKING,0,STATIONARY_CORRECTION_SUPPRESSED,1000000000.000000,0.000000,0.000000,0.000000,0,pcl_gicp,1,merged_0707_0725_v1
210339_wrong_localization,1786795614.541078329,TRACKING,0,STATIONARY_CORRECTION_SUPPRESSED,1000000000.000000,0.000000,0.000000,0.000000,0,pcl_gicp,1,merged_0707_0725_v1
210339_wrong_localization,1786795615.639377356,TRACKING,0,STATIONARY_CORRECTION_SUPPRESSED,1000000000.000000,0.000000,0.000000,0.000000,0,pcl_gicp,1,merged_0707_0725_v1
210339_wrong_localization,1786795616.746916771,TRACKING,0,STATIONARY_CORRECTION_SUPPRESSED,1000000000.000000,0.000000,0.000000,0.000000,0,pcl_gicp,1,merged_0707_0725_v1
210339_wrong_localization,1786795617.739212275,TRACKING,0,STATIONARY_CORRECTION_SUPPRESSED,1000000000.000000,0.000000,0.000000,0.000000,0,pcl_gicp,1,merged_0707_0725_v1
210339_wrong_localization,1786795618.838769197,TRACKING,0,STATIONARY_CORRECTION_SUPPRESSED,1000000000.000000,0.000000,0.000000,0.000000,0,pcl_gicp,1,merged_0707_0725_v1
210339_wrong_localization,1786795619.940324545,TRACKING,0,STATIONARY_CORRECTION_SUPPRESSED,1000000000.000000,0.000000,0.000000,0.000000,0,pcl_gicp,1,merged_0707_0725_v1
210339_wrong_localization,1786795621.039293766,TRACKING,0,STATIONARY_CORRECTION_SUPPRESSED,1000000000.000000,0.000000,0.000000,0.000000,0,pcl_gicp,1,merged_0707_0725_v1
210339_wrong_localization,1786795622.039556980,TRACKING,0,STATIONARY_CORRECTION_SUPPRESSED,1000000000.000000,0.000000,0.000000,0.000000,0,pcl_gicp,1,merged_0707_0725_v1
210339_wrong_localization,1786795623.139994621,TRACKING,0,STATIONARY_CORRECTION_SUPPRESSED,1000000000.000000,0.000000,0.000000,0.000000,0,pcl_gicp,1,merged_0707_0725_v1
210339_wrong_localization,1786795624.236877203,TRACKING,0,STATIONARY_CORRECTION_SUPPRESSED,1000000000.000000,0.000000,0.000000,0.000000,0,pcl_gicp,1,merged_0707_0725_v1
210339_wrong_localization,1786795625.344579220,TRACKING,0,STATIONARY_CORRECTION_SUPPRESSED,1000000000.000000,0.000000,0.000000,0.000000,0,pcl_gicp,1,merged_0707_0725_v1
210339_wrong_localization,1786795626.345852137,TRACKING,0,STATIONARY_CORRECTION_SUPPRESSED,1000000000.000000,0.000000,0.000000,0.000000,0,pcl_gicp,1,merged_0707_0725_v1
210339_wrong_localization,1786795627.438483477,TRACKING,0,STATIONARY_CORRECTION_SUPPRESSED,1000000000.000000,0.000000,0.000000,0.000000,0,pcl_gicp,1,merged_0707_0725_v1
210339_wrong_localization,1786795628.439770460,TRACKING,0,STATIONARY_CORRECTION_SUPPRESSED,1000000000.000000,0.000000,0.000000,0.000000,0,pcl_gicp,1,merged_0707_0725_v1
210339_wrong_localization,1786795629.536814213,TRACKING,0,STATIONARY_CORRECTION_SUPPRESSED,1000000000.000000,0.000000,0.000000,0.000000,0,pcl_gicp,1,merged_0707_0725_v1
210339_wrong_localization,1786795630.541859388,TRACKING,0,STATIONARY_CORRECTION_SUPPRESSED,1000000000.000000,0.000000,0.000000,0.000000,0,pcl_gicp,1,merged_0707_0725_v1
210339_wrong_localization,1786795631.638689995,TRACKING,0,STATIONARY_CORRECTION_SUPPRESSED,1000000000.000000,0.000000,0.000000,0.000000,0,pcl_gicp,1,merged_0707_0725_v1
210339_wrong_localization,1786795632.739828110,TRACKING,0,STATIONARY_CORRECTION_SUPPRESSED,1000000000.000000,0.000000,0.000000,0.000000,0,pcl_gicp,1,merged_0707_0725_v1
210339_wrong_localization,1786795633.737981796,TRACKING,0,STATIONARY_CORRECTION_SUPPRESSED,1000000000.000000,0.000000,0.000000,0.000000,0,pcl_gicp,1,merged_0707_0725_v1
210339_wrong_localization,1786795634.740650654,TRACKING,0,STATIONARY_CORRECTION_SUPPRESSED,1000000000.000000,0.000000,0.000000,0.000000,0,pcl_gicp,1,merged_0707_0725_v1
210339_wrong_localization,1786795635.838119507,TRACKING,0,STATIONARY_CORRECTION_SUPPRESSED,1000000000.000000,0.000000,0.000000,0.000000,0,pcl_gicp,1,merged_0707_0725_v1
210339_wrong_localization,1786795636.837210417,TRACKING,0,STATIONARY_CORRECTION_SUPPRESSED,1000000000.000000,0.000000,0.000000,0.000000,0,pcl_gicp,1,merged_0707_0725_v1
210339_wrong_localization,1786795637.941681147,TRACKING,0,STATIONARY_CORRECTION_SUPPRESSED,1000000000.000000,0.000000,0.000000,0.000000,0,pcl_gicp,1,merged_0707_0725_v1
210339_wrong_localization,1786795639.039167643,TRACKING,0,STATIONARY_CORRECTION_SUPPRESSED,1000000000.000000,0.000000,0.000000,0.000000,0,pcl_gicp,1,merged_0707_0725_v1
210339_wrong_localization,1786795640.139386177,TRACKING,0,STATIONARY_CORRECTION_SUPPRESSED,1000000000.000000,0.000000,0.000000,0.000000,0,pcl_gicp,1,merged_0707_0725_v1
210339_wrong_localization,1786795641.236847162,TRACKING,0,STATIONARY_CORRECTION_SUPPRESSED,1000000000.000000,0.000000,0.000000,0.000000,0,pcl_gicp,1,merged_0707_0725_v1
210339_wrong_localization,1786795642.237105846,TRACKING,0,STATIONARY_CORRECTION_SUPPRESSED,1000000000.000000,0.000000,0.000000,0.000000,0,pcl_gicp,1,merged_0707_0725_v1
210339_wrong_localization,1786795643.341134310,TRACKING,0,STATIONARY_CORRECTION_SUPPRESSED,1000000000.000000,0.000000,0.000000,0.000000,0,pcl_gicp,1,merged_0707_0725_v1
210339_wrong_localization,1786795644.440322638,TRACKING,0,STATIONARY_CORRECTION_SUPPRESSED,1000000000.000000,0.000000,0.000000,0.000000,0,pcl_gicp,1,merged_0707_0725_v1
210339_wrong_localization,1786795645.538562298,TRACKING,0,STATIONARY_CORRECTION_SUPPRESSED,1000000000.000000,0.000000,0.000000,0.000000,0,pcl_gicp,1,merged_0707_0725_v1
210339_wrong_localization,1786795646.639453650,TRACKING,0,STATIONARY_CORRECTION_SUPPRESSED,1000000000.000000,0.000000,0.000000,0.000000,0,pcl_gicp,1,merged_0707_0725_v1
210339_wrong_localization,1786795647.739705086,TRACKING,0,STATIONARY_CORRECTION_SUPPRESSED,1000000000.000000,0.000000,0.000000,0.000000,0,pcl_gicp,1,merged_0707_0725_v1
210339_wrong_localization,1786795648.739576817,TRACKING,0,STATIONARY_CORRECTION_SUPPRESSED,1000000000.000000,0.000000,0.000000,0.000000,0,pcl_gicp,1,merged_0707_0725_v1
210339_wrong_localization,1786795649.836829185,TRACKING,0,STATIONARY_CORRECTION_SUPPRESSED,1000000000.000000,0.000000,0.000000,0.000000,0,pcl_gicp,1,merged_0707_0725_v1
210339_wrong_localization,1786795650.836920738,TRACKING,0,STATIONARY_CORRECTION_SUPPRESSED,1000000000.000000,0.000000,0.000000,0.000000,0,pcl_gicp,1,merged_0707_0725_v1
210339_wrong_localization,1786795651.839640379,TRACKING,0,STATIONARY_CORRECTION_SUPPRESSED,1000000000.000000,0.000000,0.000000,0.000000,0,pcl_gicp,1,merged_0707_0725_v1
210339_wrong_localization,1786795652.939307690,TRACKING,0,STATIONARY_CORRECTION_SUPPRESSED,1000000000.000000,0.000000,0.000000,0.000000,0,pcl_gicp,1,merged_0707_0725_v1
210339_wrong_localization,1786795654.038041353,TRACKING,0,STATIONARY_CORRECTION_SUPPRESSED,1000000000.000000,0.000000,0.000000,0.000000,0,pcl_gicp,1,merged_0707_0725_v1
210339_wrong_localization,1786795655.040624380,TRACKING,0,STATIONARY_CORRECTION_SUPPRESSED,1000000000.000000,0.000000,0.000000,0.000000,0,pcl_gicp,1,merged_0707_0725_v1
210339_wrong_localization,1786795656.040931463,TRACKING,0,STATIONARY_CORRECTION_SUPPRESSED,1000000000.000000,0.000000,0.000000,0.000000,0,pcl_gicp,1,merged_0707_0725_v1
210339_wrong_localization,1786795657.037061691,TRACKING,0,STATIONARY_CORRECTION_SUPPRESSED,1000000000.000000,0.000000,0.000000,0.000000,0,pcl_gicp,1,merged_0707_0725_v1
210339_wrong_localization,1786795658.137382030,TRACKING,0,STATIONARY_CORRECTION_SUPPRESSED,1000000000.000000,0.000000,0.000000,0.000000,0,pcl_gicp,1,merged_0707_0725_v1
210339_wrong_localization,1786795659.136950016,TRACKING,0,STATIONARY_CORRECTION_SUPPRESSED,1000000000.000000,0.000000,0.000000,0.000000,0,pcl_gicp,1,merged_0707_0725_v1
210339_wrong_localization,1786795660.240125656,TRACKING,0,STATIONARY_CORRECTION_SUPPRESSED,1000000000.000000,0.000000,0.000000,0.000000,0,pcl_gicp,1,merged_0707_0725_v1
210339_wrong_localization,1786795661.237768888,TRACKING,0,STATIONARY_CORRECTION_SUPPRESSED,1000000000.000000,0.000000,0.000000,0.000000,0,pcl_gicp,1,merged_0707_0725_v1
210339_wrong_localization,1786795662.339441776,TRACKING,0,STATIONARY_CORRECTION_SUPPRESSED,1000000000.000000,0.000000,0.000000,0.000000,0,pcl_gicp,1,merged_0707_0725_v1
210339_wrong_localization,1786795663.342099667,TRACKING,0,STATIONARY_CORRECTION_SUPPRESSED,1000000000.000000,0.000000,0.000000,0.000000,0,pcl_gicp,1,merged_0707_0725_v1
210339_wrong_localization,1786795664.343161583,TRACKING,0,STATIONARY_CORRECTION_SUPPRESSED,1000000000.000000,0.000000,0.000000,0.000000,0,pcl_gicp,1,merged_0707_0725_v1
210339_wrong_localization,1786795665.437349081,TRACKING,0,STATIONARY_CORRECTION_SUPPRESSED,1000000000.000000,0.000000,0.000000,0.000000,0,pcl_gicp,1,merged_0707_0725_v1
210339_wrong_localization,1786795666.537647724,TRACKING,0,STATIONARY_CORRECTION_SUPPRESSED,1000000000.000000,0.000000,0.000000,0.000000,0,pcl_gicp,1,merged_0707_0725_v1
210339_wrong_localization,1786795667.539389133,TRACKING,0,STATIONARY_CORRECTION_SUPPRESSED,1000000000.000000,0.000000,0.000000,0.000000,0,pcl_gicp,1,merged_0707_0725_v1
210339_wrong_localization,1786795668.648799419,TRACKING,0,STATIONARY_CORRECTION_SUPPRESSED,1000000000.000000,0.000000,0.000000,0.000000,0,pcl_gicp,1,merged_0707_0725_v1
210339_wrong_localization,1786795669.637271166,TRACKING,0,STATIONARY_CORRECTION_SUPPRESSED,1000000000.000000,0.000000,0.000000,0.000000,0,pcl_gicp,1,merged_0707_0725_v1
210339_wrong_localization,1786795670.741811514,TRACKING,0,STATIONARY_CORRECTION_SUPPRESSED,1000000000.000000,0.000000,0.000000,0.000000,0,pcl_gicp,1,merged_0707_0725_v1
210339_wrong_localization,1786795671.740106106,TRACKING,0,STATIONARY_CORRECTION_SUPPRESSED,1000000000.000000,0.000000,0.000000,0.000000,0,pcl_gicp,1,merged_0707_0725_v1
210339_wrong_localization,1786795672.840355635,TRACKING,0,STATIONARY_CORRECTION_SUPPRESSED,1000000000.000000,0.000000,0.000000,0.000000,0,pcl_gicp,1,merged_0707_0725_v1
210339_wrong_localization,1786795673.837725401,TRACKING,0,STATIONARY_CORRECTION_SUPPRESSED,1000000000.000000,0.000000,0.000000,0.000000,0,pcl_gicp,1,merged_0707_0725_v1
210339_wrong_localization,1786795674.938441992,TRACKING,0,STATIONARY_CORRECTION_SUPPRESSED,1000000000.000000,0.000000,0.000000,0.000000,0,pcl_gicp,1,merged_0707_0725_v1
210339_wrong_localization,1786795676.037872791,TRACKING,0,STATIONARY_CORRECTION_SUPPRESSED,1000000000.000000,0.000000,0.000000,0.000000,0,pcl_gicp,1,merged_0707_0725_v1
210339_wrong_localization,1786795677.138745070,TRACKING,0,STATIONARY_CORRECTION_SUPPRESSED,1000000000.000000,0.000000,0.000000,0.000000,0,pcl_gicp,1,merged_0707_0725_v1
210339_wrong_localization,1786795678.242338896,TRACKING,0,STATIONARY_CORRECTION_SUPPRESSED,1000000000.000000,0.000000,0.000000,0.000000,0,pcl_gicp,1,merged_0707_0725_v1
210339_wrong_localization,1786795679.239117861,TRACKING,0,STATIONARY_CORRECTION_SUPPRESSED,1000000000.000000,0.000000,0.000000,0.000000,0,pcl_gicp,1,merged_0707_0725_v1
210339_wrong_localization,1786795680.340499163,TRACKING,0,STATIONARY_CORRECTION_SUPPRESSED,1000000000.000000,0.000000,0.000000,0.000000,0,pcl_gicp,1,merged_0707_0725_v1
210339_wrong_localization,1786795681.437788963,TRACKING,0,STATIONARY_CORRECTION_SUPPRESSED,1000000000.000000,0.000000,0.000000,0.000000,0,pcl_gicp,1,merged_0707_0725_v1
210339_wrong_localization,1786795682.541090488,TRACKING,0,STATIONARY_CORRECTION_SUPPRESSED,1000000000.000000,0.000000,0.000000,0.000000,0,pcl_gicp,1,merged_0707_0725_v1
210339_wrong_localization,1786795683.538097620,TRACKING,0,STATIONARY_CORRECTION_SUPPRESSED,1000000000.000000,0.000000,0.000000,0.000000,0,pcl_gicp,1,merged_0707_0725_v1
210339_wrong_localization,1786795684.537663698,TRACKING,0,STATIONARY_CORRECTION_SUPPRESSED,1000000000.000000,0.000000,0.000000,0.000000,0,pcl_gicp,1,merged_0707_0725_v1
210339_wrong_localization,1786795685.541216135,TRACKING,0,STATIONARY_CORRECTION_SUPPRESSED,1000000000.000000,0.000000,0.000000,0.000000,0,pcl_gicp,1,merged_0707_0725_v1
210339_wrong_localization,1786795686.636791468,TRACKING,0,STATIONARY_CORRECTION_SUPPRESSED,1000000000.000000,0.000000,0.000000,0.000000,0,pcl_gicp,1,merged_0707_0725_v1
210339_wrong_localization,1786795687.742924929,TRACKING,0,STATIONARY_CORRECTION_SUPPRESSED,1000000000.000000,0.000000,0.000000,0.000000,0,pcl_gicp,1,merged_0707_0725_v1
210339_wrong_localization,1786795688.737627268,TRACKING,0,STATIONARY_CORRECTION_SUPPRESSED,1000000000.000000,0.000000,0.000000,0.000000,0,pcl_gicp,1,merged_0707_0725_v1
210339_wrong_localization,1786795689.840678215,TRACKING,0,STATIONARY_CORRECTION_SUPPRESSED,1000000000.000000,0.000000,0.000000,0.000000,0,pcl_gicp,1,merged_0707_0725_v1
210339_wrong_localization,1786795690.936473131,TRACKING,0,STATIONARY_CORRECTION_SUPPRESSED,1000000000.000000,0.000000,0.000000,0.000000,0,pcl_gicp,1,merged_0707_0725_v1
210339_wrong_localization,1786795691.944222927,TRACKING,0,STATIONARY_CORRECTION_SUPPRESSED,1000000000.000000,0.000000,0.000000,0.000000,0,pcl_gicp,1,merged_0707_0725_v1
210339_wrong_localization,1786795693.038151979,TRACKING,0,STATIONARY_CORRECTION_SUPPRESSED,1000000000.000000,0.000000,0.000000,0.000000,0,pcl_gicp,1,merged_0707_0725_v1
210339_wrong_localization,1786795694.040469170,TRACKING,0,STATIONARY_CORRECTION_SUPPRESSED,1000000000.000000,0.000000,0.000000,0.000000,0,pcl_gicp,1,merged_0707_0725_v1
210339_wrong_localization,1786795695.138442993,TRACKING,0,STATIONARY_CORRECTION_SUPPRESSED,1000000000.000000,0.000000,0.000000,0.000000,0,pcl_gicp,1,merged_0707_0725_v1
210339_wrong_localization,1786795696.237356186,TRACKING,0,STATIONARY_CORRECTION_SUPPRESSED,1000000000.000000,0.000000,0.000000,0.000000,0,pcl_gicp,1,merged_0707_0725_v1
210339_wrong_localization,1786795697.242096424,TRACKING,0,STATIONARY_CORRECTION_SUPPRESSED,1000000000.000000,0.000000,0.000000,0.000000,0,pcl_gicp,1,merged_0707_0725_v1
210339_wrong_localization,1786795698.342866659,TRACKING,0,STATIONARY_CORRECTION_SUPPRESSED,1000000000.000000,0.000000,0.000000,0.000000,0,pcl_gicp,1,merged_0707_0725_v1
210339_wrong_localization,1786795699.441995144,TRACKING,0,STATIONARY_CORRECTION_SUPPRESSED,1000000000.000000,0.000000,0.000000,0.000000,0,pcl_gicp,1,merged_0707_0725_v1
210339_wrong_localization,1786795700.538611650,TRACKING,0,STATIONARY_CORRECTION_SUPPRESSED,1000000000.000000,0.000000,0.000000,0.000000,0,pcl_gicp,1,merged_0707_0725_v1
210339_wrong_localization,1786795701.536008358,TRACKING,0,STATIONARY_CORRECTION_SUPPRESSED,1000000000.000000,0.000000,0.000000,0.000000,0,pcl_gicp,1,merged_0707_0725_v1
210339_wrong_localization,1786795702.643588781,TRACKING,0,STATIONARY_CORRECTION_SUPPRESSED,1000000000.000000,0.000000,0.000000,0.000000,0,pcl_gicp,1,merged_0707_0725_v1
210339_wrong_localization,1786795703.641408443,TRACKING,0,STATIONARY_CORRECTION_SUPPRESSED,1000000000.000000,0.000000,0.000000,0.000000,0,pcl_gicp,1,merged_0707_0725_v1
210339_wrong_localization,1786795704.642244101,TRACKING,0,STATIONARY_CORRECTION_SUPPRESSED,1000000000.000000,0.000000,0.000000,0.000000,0,pcl_gicp,1,merged_0707_0725_v1
210339_wrong_localization,1786795705.741872549,TRACKING,0,STATIONARY_CORRECTION_SUPPRESSED,1000000000.000000,0.000000,0.000000,0.000000,0,pcl_gicp,1,merged_0707_0725_v1
210339_wrong_localization,1786795706.842124462,TRACKING,0,STATIONARY_CORRECTION_SUPPRESSED,1000000000.000000,0.000000,0.000000,0.000000,0,pcl_gicp,1,merged_0707_0725_v1
210339_wrong_localization,1786795707.940355539,TRACKING,0,STATIONARY_CORRECTION_SUPPRESSED,1000000000.000000,0.000000,0.000000,0.000000,0,pcl_gicp,1,merged_0707_0725_v1
210339_wrong_localization,1786795709.042327166,TRACKING,0,STATIONARY_CORRECTION_SUPPRESSED,1000000000.000000,0.000000,0.000000,0.000000,0,pcl_gicp,1,merged_0707_0725_v1
210339_wrong_localization,1786795710.139089108,TRACKING,0,STATIONARY_CORRECTION_SUPPRESSED,1000000000.000000,0.000000,0.000000,0.000000,0,pcl_gicp,1,merged_0707_0725_v1
210339_wrong_localization,1786795711.240072966,TRACKING,0,STATIONARY_CORRECTION_SUPPRESSED,1000000000.000000,0.000000,0.000000,0.000000,0,pcl_gicp,1,merged_0707_0725_v1
210339_wrong_localization,1786795712.341318607,TRACKING,0,STATIONARY_CORRECTION_SUPPRESSED,1000000000.000000,0.000000,0.000000,0.000000,0,pcl_gicp,1,merged_0707_0725_v1
210339_wrong_localization,1786795713.342056751,TRACKING,0,STATIONARY_CORRECTION_SUPPRESSED,1000000000.000000,0.000000,0.000000,0.000000,0,pcl_gicp,1,merged_0707_0725_v1
210339_wrong_localization,1786795714.439478636,TRACKING,0,STATIONARY_CORRECTION_SUPPRESSED,1000000000.000000,0.000000,0.000000,0.000000,0,pcl_gicp,1,merged_0707_0725_v1
210339_wrong_localization,1786795715.542152405,TRACKING,0,STATIONARY_CORRECTION_SUPPRESSED,1000000000.000000,0.000000,0.000000,0.000000,0,pcl_gicp,1,merged_0707_0725_v1
210339_wrong_localization,1786795716.539798737,TRACKING,0,STATIONARY_CORRECTION_SUPPRESSED,1000000000.000000,0.000000,0.000000,0.000000,0,pcl_gicp,1,merged_0707_0725_v1
210339_wrong_localization,1786795717.636363268,TRACKING,0,STATIONARY_CORRECTION_SUPPRESSED,1000000000.000000,0.000000,0.000000,0.000000,0,pcl_gicp,1,merged_0707_0725_v1
210339_wrong_localization,1786795718.652816772,TRACKING,0,STATIONARY_CORRECTION_SUPPRESSED,1000000000.000000,0.000000,0.000000,0.000000,0,pcl_gicp,1,merged_0707_0725_v1
210339_wrong_localization,1786795719.739063025,TRACKING,0,STATIONARY_CORRECTION_SUPPRESSED,1000000000.000000,0.000000,0.000000,0.000000,0,pcl_gicp,1,merged_0707_0725_v1
210339_wrong_localization,1786795720.740020752,TRACKING,0,STATIONARY_CORRECTION_SUPPRESSED,1000000000.000000,0.000000,0.000000,0.000000,0,pcl_gicp,1,merged_0707_0725_v1
210339_wrong_localization,1786795721.741172314,TRACKING,0,STATIONARY_CORRECTION_SUPPRESSED,1000000000.000000,0.000000,0.000000,0.000000,0,pcl_gicp,1,merged_0707_0725_v1
210339_wrong_localization,1786795722.841373920,TRACKING,0,STATIONARY_CORRECTION_SUPPRESSED,1000000000.000000,0.000000,0.000000,0.000000,0,pcl_gicp,1,merged_0707_0725_v1
210339_wrong_localization,1786795723.841240883,TRACKING,0,STATIONARY_CORRECTION_SUPPRESSED,1000000000.000000,0.000000,0.000000,0.000000,0,pcl_gicp,1,merged_0707_0725_v1
210339_wrong_localization,1786795724.938203573,TRACKING,0,STATIONARY_CORRECTION_SUPPRESSED,1000000000.000000,0.000000,0.000000,0.000000,0,pcl_gicp,1,merged_0707_0725_v1
210339_wrong_localization,1786795725.939009666,TRACKING,0,STATIONARY_CORRECTION_SUPPRESSED,1000000000.000000,0.000000,0.000000,0.000000,0,pcl_gicp,1,merged_0707_0725_v1
210339_wrong_localization,1786795727.038727522,TRACKING,0,STATIONARY_CORRECTION_SUPPRESSED,1000000000.000000,0.000000,0.000000,0.000000,0,pcl_gicp,1,merged_0707_0725_v1
210339_wrong_localization,1786795728.140005827,TRACKING,0,STATIONARY_CORRECTION_SUPPRESSED,1000000000.000000,0.000000,0.000000,0.000000,0,pcl_gicp,1,merged_0707_0725_v1
210339_wrong_localization,1786795729.138891459,TRACKING,0,STATIONARY_CORRECTION_SUPPRESSED,1000000000.000000,0.000000,0.000000,0.000000,0,pcl_gicp,1,merged_0707_0725_v1
210339_wrong_localization,1786795730.138755798,TRACKING,0,STATIONARY_CORRECTION_SUPPRESSED,1000000000.000000,0.000000,0.000000,0.000000,0,pcl_gicp,1,merged_0707_0725_v1
210339_wrong_localization,1786795731.140030384,TRACKING,0,STATIONARY_CORRECTION_SUPPRESSED,1000000000.000000,0.000000,0.000000,0.000000,0,pcl_gicp,1,merged_0707_0725_v1
210339_wrong_localization,1786795732.239856958,TRACKING,0,STATIONARY_CORRECTION_SUPPRESSED,1000000000.000000,0.000000,0.000000,0.000000,0,pcl_gicp,1,merged_0707_0725_v1
210339_wrong_localization,1786795733.238333225,TRACKING,0,STATIONARY_CORRECTION_SUPPRESSED,1000000000.000000,0.000000,0.000000,0.000000,0,pcl_gicp,1,merged_0707_0725_v1
210339_wrong_localization,1786795734.238422394,TRACKING,0,STATIONARY_CORRECTION_SUPPRESSED,1000000000.000000,0.000000,0.000000,0.000000,0,pcl_gicp,1,merged_0707_0725_v1
210339_wrong_localization,1786795735.348283052,TRACKING,0,STATIONARY_CORRECTION_SUPPRESSED,1000000000.000000,0.000000,0.000000,0.000000,0,pcl_gicp,1,merged_0707_0725_v1
210339_wrong_localization,1786795736.442216158,TRACKING,0,STATIONARY_CORRECTION_SUPPRESSED,1000000000.000000,0.000000,0.000000,0.000000,0,pcl_gicp,1,merged_0707_0725_v1
210339_wrong_localization,1786795737.437570572,TRACKING,0,STATIONARY_CORRECTION_SUPPRESSED,1000000000.000000,0.000000,0.000000,0.000000,0,pcl_gicp,1,merged_0707_0725_v1
210339_wrong_localization,1786795738.440336466,TRACKING,0,STATIONARY_CORRECTION_SUPPRESSED,1000000000.000000,0.000000,0.000000,0.000000,0,pcl_gicp,1,merged_0707_0725_v1
210339_wrong_localization,1786795739.544104338,TRACKING,0,STATIONARY_CORRECTION_SUPPRESSED,1000000000.000000,0.000000,0.000000,0.000000,0,pcl_gicp,1,merged_0707_0725_v1
210339_wrong_localization,1786795740.639382362,TRACKING,0,STATIONARY_CORRECTION_SUPPRESSED,1000000000.000000,0.000000,0.000000,0.000000,0,pcl_gicp,1,merged_0707_0725_v1
210339_wrong_localization,1786795741.640352249,TRACKING,0,STATIONARY_CORRECTION_SUPPRESSED,1000000000.000000,0.000000,0.000000,0.000000,0,pcl_gicp,1,merged_0707_0725_v1
210339_wrong_localization,1786795742.741309881,TRACKING,0,STATIONARY_CORRECTION_SUPPRESSED,1000000000.000000,0.000000,0.000000,0.000000,0,pcl_gicp,1,merged_0707_0725_v1
210339_wrong_localization,1786795743.839392900,TRACKING,0,STATIONARY_CORRECTION_SUPPRESSED,1000000000.000000,0.000000,0.000000,0.000000,0,pcl_gicp,1,merged_0707_0725_v1
210339_wrong_localization,1786795744.940121412,TRACKING,0,STATIONARY_CORRECTION_SUPPRESSED,1000000000.000000,0.000000,0.000000,0.000000,0,pcl_gicp,1,merged_0707_0725_v1
210339_wrong_localization,1786795746.045717478,TRACKING,0,STATIONARY_CORRECTION_SUPPRESSED,1000000000.000000,0.000000,0.000000,0.000000,0,pcl_gicp,1,merged_0707_0725_v1
210339_wrong_localization,1786795747.142623425,TRACKING,0,STATIONARY_CORRECTION_SUPPRESSED,1000000000.000000,0.000000,0.000000,0.000000,0,pcl_gicp,1,merged_0707_0725_v1
210339_wrong_localization,1786795748.143313885,TRACKING,0,STATIONARY_CORRECTION_SUPPRESSED,1000000000.000000,0.000000,0.000000,0.000000,0,pcl_gicp,1,merged_0707_0725_v1
210339_wrong_localization,1786795749.242655754,TRACKING,0,STATIONARY_CORRECTION_SUPPRESSED,1000000000.000000,0.000000,0.000000,0.000000,0,pcl_gicp,1,merged_0707_0725_v1
210339_wrong_localization,1786795750.343596458,TRACKING,0,STATIONARY_CORRECTION_SUPPRESSED,1000000000.000000,0.000000,0.000000,0.000000,0,pcl_gicp,1,merged_0707_0725_v1
210339_wrong_localization,1786795751.443062782,TRACKING,0,STATIONARY_CORRECTION_SUPPRESSED,1000000000.000000,0.000000,0.000000,0.000000,0,pcl_gicp,1,merged_0707_0725_v1
210339_wrong_localization,1786795752.538801193,TRACKING,0,STATIONARY_CORRECTION_SUPPRESSED,1000000000.000000,0.000000,0.000000,0.000000,0,pcl_gicp,1,merged_0707_0725_v1
210339_wrong_localization,1786795753.540990829,TRACKING,0,STATIONARY_CORRECTION_SUPPRESSED,1000000000.000000,0.000000,0.000000,0.000000,0,pcl_gicp,1,merged_0707_0725_v1
210339_wrong_localization,1786795754.639540672,TRACKING,0,STATIONARY_CORRECTION_SUPPRESSED,1000000000.000000,0.000000,0.000000,0.000000,0,pcl_gicp,1,merged_0707_0725_v1
210339_wrong_localization,1786795755.740536690,TRACKING,0,STATIONARY_CORRECTION_SUPPRESSED,1000000000.000000,0.000000,0.000000,0.000000,0,pcl_gicp,1,merged_0707_0725_v1
210339_wrong_localization,1786795756.739287138,TRACKING,0,STATIONARY_CORRECTION_SUPPRESSED,1000000000.000000,0.000000,0.000000,0.000000,0,pcl_gicp,1,merged_0707_0725_v1
210339_wrong_localization,1786795757.839193344,TRACKING,0,STATIONARY_CORRECTION_SUPPRESSED,1000000000.000000,0.000000,0.000000,0.000000,0,pcl_gicp,1,merged_0707_0725_v1
210339_wrong_localization,1786795758.841091633,TRACKING,0,STATIONARY_CORRECTION_SUPPRESSED,1000000000.000000,0.000000,0.000000,0.000000,0,pcl_gicp,1,merged_0707_0725_v1
210339_wrong_localization,1786795759.939246178,TRACKING,0,STATIONARY_CORRECTION_SUPPRESSED,1000000000.000000,0.000000,0.000000,0.000000,0,pcl_gicp,1,merged_0707_0725_v1
210339_wrong_localization,1786795760.938902617,TRACKING,0,STATIONARY_CORRECTION_SUPPRESSED,1000000000.000000,0.000000,0.000000,0.000000,0,pcl_gicp,1,merged_0707_0725_v1
210339_wrong_localization,1786795762.041303396,TRACKING,0,STATIONARY_CORRECTION_SUPPRESSED,1000000000.000000,0.000000,0.000000,0.000000,0,pcl_gicp,1,merged_0707_0725_v1
210339_wrong_localization,1786795763.143243551,TRACKING,0,STATIONARY_CORRECTION_SUPPRESSED,1000000000.000000,0.000000,0.000000,0.000000,0,pcl_gicp,1,merged_0707_0725_v1
210339_wrong_localization,1786795764.240807533,TRACKING,0,STATIONARY_CORRECTION_SUPPRESSED,1000000000.000000,0.000000,0.000000,0.000000,0,pcl_gicp,1,merged_0707_0725_v1
210339_wrong_localization,1786795765.241611481,TRACKING,0,STATIONARY_CORRECTION_SUPPRESSED,1000000000.000000,0.000000,0.000000,0.000000,0,pcl_gicp,1,merged_0707_0725_v1
210339_wrong_localization,1786795766.339785576,TRACKING,0,STATIONARY_CORRECTION_SUPPRESSED,1000000000.000000,0.000000,0.000000,0.000000,0,pcl_gicp,1,merged_0707_0725_v1
210339_wrong_localization,1786795767.440410852,TRACKING,0,STATIONARY_CORRECTION_SUPPRESSED,1000000000.000000,0.000000,0.000000,0.000000,0,pcl_gicp,1,merged_0707_0725_v1
210339_wrong_localization,1786795768.540449858,TRACKING,0,STATIONARY_CORRECTION_SUPPRESSED,1000000000.000000,0.000000,0.000000,0.000000,0,pcl_gicp,1,merged_0707_0725_v1
210339_wrong_localization,1786795769.638730526,TRACKING,0,STATIONARY_CORRECTION_SUPPRESSED,1000000000.000000,0.000000,0.000000,0.000000,0,pcl_gicp,1,merged_0707_0725_v1
210339_wrong_localization,1786795770.640867233,TRACKING,0,STATIONARY_CORRECTION_SUPPRESSED,1000000000.000000,0.000000,0.000000,0.000000,0,pcl_gicp,1,merged_0707_0725_v1
210339_wrong_localization,1786795771.738086700,TRACKING,0,STATIONARY_CORRECTION_SUPPRESSED,1000000000.000000,0.000000,0.000000,0.000000,0,pcl_gicp,1,merged_0707_0725_v1
210339_wrong_localization,1786795772.838597536,TRACKING,0,STATIONARY_CORRECTION_SUPPRESSED,1000000000.000000,0.000000,0.000000,0.000000,0,pcl_gicp,1,merged_0707_0725_v1
210339_wrong_localization,1786795773.841476202,TRACKING,0,STATIONARY_CORRECTION_SUPPRESSED,1000000000.000000,0.000000,0.000000,0.000000,0,pcl_gicp,1,merged_0707_0725_v1
210339_wrong_localization,1786795774.838895559,TRACKING,0,STATIONARY_CORRECTION_SUPPRESSED,1000000000.000000,0.000000,0.000000,0.000000,0,pcl_gicp,1,merged_0707_0725_v1
210339_wrong_localization,1786795775.939412355,TRACKING,0,STATIONARY_CORRECTION_SUPPRESSED,1000000000.000000,0.000000,0.000000,0.000000,0,pcl_gicp,1,merged_0707_0725_v1
210339_wrong_localization,1786795777.036566496,TRACKING,0,STATIONARY_CORRECTION_SUPPRESSED,1000000000.000000,0.000000,0.000000,0.000000,0,pcl_gicp,1,merged_0707_0725_v1
210339_wrong_localization,1786795778.043193340,TRACKING,0,STATIONARY_CORRECTION_SUPPRESSED,1000000000.000000,0.000000,0.000000,0.000000,0,pcl_gicp,1,merged_0707_0725_v1
210339_wrong_localization,1786795779.142055750,TRACKING,0,STATIONARY_CORRECTION_SUPPRESSED,1000000000.000000,0.000000,0.000000,0.000000,0,pcl_gicp,1,merged_0707_0725_v1
210339_wrong_localization,1786795780.237615347,TRACKING,0,STATIONARY_CORRECTION_SUPPRESSED,1000000000.000000,0.000000,0.000000,0.000000,0,pcl_gicp,1,merged_0707_0725_v1
210339_wrong_localization,1786795781.241382599,TRACKING,0,STATIONARY_CORRECTION_SUPPRESSED,1000000000.000000,0.000000,0.000000,0.000000,0,pcl_gicp,1,merged_0707_0725_v1
210339_wrong_localization,1786795782.338797808,TRACKING,0,STATIONARY_CORRECTION_SUPPRESSED,1000000000.000000,0.000000,0.000000,0.000000,0,pcl_gicp,1,merged_0707_0725_v1
210339_wrong_localization,1786795783.440608978,TRACKING,0,STATIONARY_CORRECTION_SUPPRESSED,1000000000.000000,0.000000,0.000000,0.000000,0,pcl_gicp,1,merged_0707_0725_v1
210339_wrong_localization,1786795784.540004492,TRACKING,0,STATIONARY_CORRECTION_SUPPRESSED,1000000000.000000,0.000000,0.000000,0.000000,0,pcl_gicp,1,merged_0707_0725_v1
210339_wrong_localization,1786795785.640041351,TRACKING,0,STATIONARY_CORRECTION_SUPPRESSED,1000000000.000000,0.000000,0.000000,0.000000,0,pcl_gicp,1,merged_0707_0725_v1
210339_wrong_localization,1786795786.738598347,TRACKING,0,STATIONARY_CORRECTION_SUPPRESSED,1000000000.000000,0.000000,0.000000,0.000000,0,pcl_gicp,1,merged_0707_0725_v1
210339_wrong_localization,1786795787.741815805,TRACKING,0,STATIONARY_CORRECTION_SUPPRESSED,1000000000.000000,0.000000,0.000000,0.000000,0,pcl_gicp,1,merged_0707_0725_v1
210339_wrong_localization,1786795788.838162422,TRACKING,0,STATIONARY_CORRECTION_SUPPRESSED,1000000000.000000,0.000000,0.000000,0.000000,0,pcl_gicp,1,merged_0707_0725_v1
210339_wrong_localization,1786795789.841562748,TRACKING,0,STATIONARY_CORRECTION_SUPPRESSED,1000000000.000000,0.000000,0.000000,0.000000,0,pcl_gicp,1,merged_0707_0725_v1
210339_wrong_localization,1786795790.840202808,TRACKING,0,STATIONARY_CORRECTION_SUPPRESSED,1000000000.000000,0.000000,0.000000,0.000000,0,pcl_gicp,1,merged_0707_0725_v1
210339_wrong_localization,1786795791.940973043,TRACKING,0,STATIONARY_CORRECTION_SUPPRESSED,1000000000.000000,0.000000,0.000000,0.000000,0,pcl_gicp,1,merged_0707_0725_v1
210339_wrong_localization,1786795793.040765285,TRACKING,0,STATIONARY_CORRECTION_SUPPRESSED,1000000000.000000,0.000000,0.000000,0.000000,0,pcl_gicp,1,merged_0707_0725_v1
210339_wrong_localization,1786795794.140530109,TRACKING,0,STATIONARY_CORRECTION_SUPPRESSED,1000000000.000000,0.000000,0.000000,0.000000,0,pcl_gicp,1,merged_0707_0725_v1
210339_wrong_localization,1786795795.244021177,TRACKING,0,STATIONARY_CORRECTION_SUPPRESSED,1000000000.000000,0.000000,0.000000,0.000000,0,pcl_gicp,1,merged_0707_0725_v1
210339_wrong_localization,1786795796.339616060,TRACKING,0,STATIONARY_CORRECTION_SUPPRESSED,1000000000.000000,0.000000,0.000000,0.000000,0,pcl_gicp,1,merged_0707_0725_v1
210339_wrong_localization,1786795797.341015816,TRACKING,0,STATIONARY_CORRECTION_SUPPRESSED,1000000000.000000,0.000000,0.000000,0.000000,0,pcl_gicp,1,merged_0707_0725_v1
210339_wrong_localization,1786795798.439501047,TRACKING,0,STATIONARY_CORRECTION_SUPPRESSED,1000000000.000000,0.000000,0.000000,0.000000,0,pcl_gicp,1,merged_0707_0725_v1
210339_wrong_localization,1786795799.540587902,TRACKING,0,STATIONARY_CORRECTION_SUPPRESSED,1000000000.000000,0.000000,0.000000,0.000000,0,pcl_gicp,1,merged_0707_0725_v1
210339_wrong_localization,1786795800.640126467,TRACKING,0,STATIONARY_CORRECTION_SUPPRESSED,1000000000.000000,0.000000,0.000000,0.000000,0,pcl_gicp,1,merged_0707_0725_v1
210339_wrong_localization,1786795801.640314341,TRACKING,0,STATIONARY_CORRECTION_SUPPRESSED,1000000000.000000,0.000000,0.000000,0.000000,0,pcl_gicp,1,merged_0707_0725_v1
210339_wrong_localization,1786795802.736558676,TRACKING,0,STATIONARY_CORRECTION_SUPPRESSED,1000000000.000000,0.000000,0.000000,0.000000,0,pcl_gicp,1,merged_0707_0725_v1
210339_wrong_localization,1786795803.738999128,TRACKING,0,STATIONARY_CORRECTION_SUPPRESSED,1000000000.000000,0.000000,0.000000,0.000000,0,pcl_gicp,1,merged_0707_0725_v1
210339_wrong_localization,1786795804.838493347,TRACKING,0,STATIONARY_CORRECTION_SUPPRESSED,1000000000.000000,0.000000,0.000000,0.000000,0,pcl_gicp,1,merged_0707_0725_v1
210339_wrong_localization,1786795805.838990211,TRACKING,0,STATIONARY_CORRECTION_SUPPRESSED,1000000000.000000,0.000000,0.000000,0.000000,0,pcl_gicp,1,merged_0707_0725_v1
210339_wrong_localization,1786795806.938072920,TRACKING,0,STATIONARY_CORRECTION_SUPPRESSED,1000000000.000000,0.000000,0.000000,0.000000,0,pcl_gicp,1,merged_0707_0725_v1
210339_wrong_localization,1786795808.040784597,TRACKING,0,STATIONARY_CORRECTION_SUPPRESSED,1000000000.000000,0.000000,0.000000,0.000000,0,pcl_gicp,1,merged_0707_0725_v1
210339_wrong_localization,1786795809.040096045,TRACKING,0,STATIONARY_CORRECTION_SUPPRESSED,1000000000.000000,0.000000,0.000000,0.000000,0,pcl_gicp,1,merged_0707_0725_v1
210339_wrong_localization,1786795810.139708042,TRACKING,0,STATIONARY_CORRECTION_SUPPRESSED,1000000000.000000,0.000000,0.000000,0.000000,0,pcl_gicp,1,merged_0707_0725_v1
210339_wrong_localization,1786795811.238950491,TRACKING,0,STATIONARY_CORRECTION_SUPPRESSED,1000000000.000000,0.000000,0.000000,0.000000,0,pcl_gicp,1,merged_0707_0725_v1
210339_wrong_localization,1786795812.336986542,TRACKING,0,STATIONARY_CORRECTION_SUPPRESSED,1000000000.000000,0.000000,0.000000,0.000000,0,pcl_gicp,1,merged_0707_0725_v1
210339_wrong_localization,1786795813.337659597,TRACKING,0,STATIONARY_CORRECTION_SUPPRESSED,1000000000.000000,0.000000,0.000000,0.000000,0,pcl_gicp,1,merged_0707_0725_v1
210339_wrong_localization,1786795814.438351393,TRACKING,0,STATIONARY_CORRECTION_SUPPRESSED,1000000000.000000,0.000000,0.000000,0.000000,0,pcl_gicp,1,merged_0707_0725_v1
210339_wrong_localization,1786795815.539142132,TRACKING,0,STATIONARY_CORRECTION_SUPPRESSED,1000000000.000000,0.000000,0.000000,0.000000,0,pcl_gicp,1,merged_0707_0725_v1
210339_wrong_localization,1786795816.638776541,TRACKING,0,STATIONARY_CORRECTION_SUPPRESSED,1000000000.000000,0.000000,0.000000,0.000000,0,pcl_gicp,1,merged_0707_0725_v1
210339_wrong_localization,1786795817.637782097,TRACKING,0,STATIONARY_CORRECTION_SUPPRESSED,1000000000.000000,0.000000,0.000000,0.000000,0,pcl_gicp,1,merged_0707_0725_v1
210339_wrong_localization,1786795818.648488283,TRACKING,0,STATIONARY_CORRECTION_SUPPRESSED,1000000000.000000,0.000000,0.000000,0.000000,0,pcl_gicp,1,merged_0707_0725_v1
210339_wrong_localization,1786795819.740079641,TRACKING,0,STATIONARY_CORRECTION_SUPPRESSED,1000000000.000000,0.000000,0.000000,0.000000,0,pcl_gicp,1,merged_0707_0725_v1
210339_wrong_localization,1786795820.738021135,TRACKING,0,STATIONARY_CORRECTION_SUPPRESSED,1000000000.000000,0.000000,0.000000,0.000000,0,pcl_gicp,1,merged_0707_0725_v1
210339_wrong_localization,1786795821.837884188,TRACKING,0,STATIONARY_CORRECTION_SUPPRESSED,1000000000.000000,0.000000,0.000000,0.000000,0,pcl_gicp,1,merged_0707_0725_v1
210339_wrong_localization,1786795822.942292929,TRACKING,0,STATIONARY_CORRECTION_SUPPRESSED,1000000000.000000,0.000000,0.000000,0.000000,0,pcl_gicp,1,merged_0707_0725_v1
210339_wrong_localization,1786795824.037939548,TRACKING,0,STATIONARY_CORRECTION_SUPPRESSED,1000000000.000000,0.000000,0.000000,0.000000,0,pcl_gicp,1,merged_0707_0725_v1
210339_wrong_localization,1786795825.037338972,TRACKING,0,STATIONARY_CORRECTION_SUPPRESSED,1000000000.000000,0.000000,0.000000,0.000000,0,pcl_gicp,1,merged_0707_0725_v1
210339_wrong_localization,1786795826.037637711,TRACKING,0,STATIONARY_CORRECTION_SUPPRESSED,1000000000.000000,0.000000,0.000000,0.000000,0,pcl_gicp,1,merged_0707_0725_v1
210339_wrong_localization,1786795827.138716698,TRACKING,0,STATIONARY_CORRECTION_SUPPRESSED,1000000000.000000,0.000000,0.000000,0.000000,0,pcl_gicp,1,merged_0707_0725_v1
210339_wrong_localization,1786795828.142184973,TRACKING,0,STATIONARY_CORRECTION_SUPPRESSED,1000000000.000000,0.000000,0.000000,0.000000,0,pcl_gicp,1,merged_0707_0725_v1
210339_wrong_localization,1786795829.238864660,TRACKING,0,STATIONARY_CORRECTION_SUPPRESSED,1000000000.000000,0.000000,0.000000,0.000000,0,pcl_gicp,1,merged_0707_0725_v1
210339_wrong_localization,1786795830.238043070,TRACKING,0,STATIONARY_CORRECTION_SUPPRESSED,1000000000.000000,0.000000,0.000000,0.000000,0,pcl_gicp,1,merged_0707_0725_v1
210339_wrong_localization,1786795831.339805126,TRACKING,0,STATIONARY_CORRECTION_SUPPRESSED,1000000000.000000,0.000000,0.000000,0.000000,0,pcl_gicp,1,merged_0707_0725_v1
210339_wrong_localization,1786795832.339931965,TRACKING,0,STATIONARY_CORRECTION_SUPPRESSED,1000000000.000000,0.000000,0.000000,0.000000,0,pcl_gicp,1,merged_0707_0725_v1
210339_wrong_localization,1786795833.338101387,TRACKING,0,STATIONARY_CORRECTION_SUPPRESSED,1000000000.000000,0.000000,0.000000,0.000000,0,pcl_gicp,1,merged_0707_0725_v1
210339_wrong_localization,1786795834.437909603,TRACKING,0,STATIONARY_CORRECTION_SUPPRESSED,1000000000.000000,0.000000,0.000000,0.000000,0,pcl_gicp,1,merged_0707_0725_v1
210339_wrong_localization,1786795835.442402124,TRACKING,0,STATIONARY_CORRECTION_SUPPRESSED,1000000000.000000,0.000000,0.000000,0.000000,0,pcl_gicp,1,merged_0707_0725_v1
210339_wrong_localization,1786795836.536901236,TRACKING,0,STATIONARY_CORRECTION_SUPPRESSED,1000000000.000000,0.000000,0.000000,0.000000,0,pcl_gicp,1,merged_0707_0725_v1
210339_wrong_localization,1786795837.641456842,TRACKING,0,STATIONARY_CORRECTION_SUPPRESSED,1000000000.000000,0.000000,0.000000,0.000000,0,pcl_gicp,1,merged_0707_0725_v1
210339_wrong_localization,1786795838.737633705,TRACKING,0,STATIONARY_CORRECTION_SUPPRESSED,1000000000.000000,0.000000,0.000000,0.000000,0,pcl_gicp,1,merged_0707_0725_v1
210339_wrong_localization,1786795839.740480185,TRACKING,0,STATIONARY_CORRECTION_SUPPRESSED,1000000000.000000,0.000000,0.000000,0.000000,0,pcl_gicp,1,merged_0707_0725_v1
210339_wrong_localization,1786795840.840423107,TRACKING,0,STATIONARY_CORRECTION_SUPPRESSED,1000000000.000000,0.000000,0.000000,0.000000,0,pcl_gicp,1,merged_0707_0725_v1
210339_wrong_localization,1786795841.837339401,TRACKING,0,STATIONARY_CORRECTION_SUPPRESSED,1000000000.000000,0.000000,0.000000,0.000000,0,pcl_gicp,1,merged_0707_0725_v1
210339_wrong_localization,1786795842.937553406,TRACKING,0,STATIONARY_CORRECTION_SUPPRESSED,1000000000.000000,0.000000,0.000000,0.000000,0,pcl_gicp,1,merged_0707_0725_v1
210339_wrong_localization,1786795843.937573671,TRACKING,0,STATIONARY_CORRECTION_SUPPRESSED,1000000000.000000,0.000000,0.000000,0.000000,0,pcl_gicp,1,merged_0707_0725_v1
210339_wrong_localization,1786795845.042015314,TRACKING,0,STATIONARY_CORRECTION_SUPPRESSED,1000000000.000000,0.000000,0.000000,0.000000,0,pcl_gicp,1,merged_0707_0725_v1
210339_wrong_localization,1786795846.039944649,TRACKING,0,STATIONARY_CORRECTION_SUPPRESSED,1000000000.000000,0.000000,0.000000,0.000000,0,pcl_gicp,1,merged_0707_0725_v1
210339_wrong_localization,1786795847.138468981,TRACKING,0,STATIONARY_CORRECTION_SUPPRESSED,1000000000.000000,0.000000,0.000000,0.000000,0,pcl_gicp,1,merged_0707_0725_v1
210339_wrong_localization,1786795848.142153740,TRACKING,0,STATIONARY_CORRECTION_SUPPRESSED,1000000000.000000,0.000000,0.000000,0.000000,0,pcl_gicp,1,merged_0707_0725_v1
210339_wrong_localization,1786795849.141226768,TRACKING,0,STATIONARY_CORRECTION_SUPPRESSED,1000000000.000000,0.000000,0.000000,0.000000,0,pcl_gicp,1,merged_0707_0725_v1
210339_wrong_localization,1786795850.140848398,TRACKING,0,STATIONARY_CORRECTION_SUPPRESSED,1000000000.000000,0.000000,0.000000,0.000000,0,pcl_gicp,1,merged_0707_0725_v1
210339_wrong_localization,1786795851.238250017,TRACKING,0,STATIONARY_CORRECTION_SUPPRESSED,1000000000.000000,0.000000,0.000000,0.000000,0,pcl_gicp,1,merged_0707_0725_v1
210339_wrong_localization,1786795852.241479874,TRACKING,0,STATIONARY_CORRECTION_SUPPRESSED,1000000000.000000,0.000000,0.000000,0.000000,0,pcl_gicp,1,merged_0707_0725_v1
210339_wrong_localization,1786795853.239690065,TRACKING,0,STATIONARY_CORRECTION_SUPPRESSED,1000000000.000000,0.000000,0.000000,0.000000,0,pcl_gicp,1,merged_0707_0725_v1
210339_wrong_localization,1786795854.239168167,TRACKING,0,STATIONARY_CORRECTION_SUPPRESSED,1000000000.000000,0.000000,0.000000,0.000000,0,pcl_gicp,1,merged_0707_0725_v1
210339_wrong_localization,1786795855.339746237,TRACKING,0,STATIONARY_CORRECTION_SUPPRESSED,1000000000.000000,0.000000,0.000000,0.000000,0,pcl_gicp,1,merged_0707_0725_v1
210339_wrong_localization,1786795856.340395927,TRACKING,0,STATIONARY_CORRECTION_SUPPRESSED,1000000000.000000,0.000000,0.000000,0.000000,0,pcl_gicp,1,merged_0707_0725_v1
210339_wrong_localization,1786795857.440975428,TRACKING,0,STATIONARY_CORRECTION_SUPPRESSED,1000000000.000000,0.000000,0.000000,0.000000,0,pcl_gicp,1,merged_0707_0725_v1
210339_wrong_localization,1786795858.538969040,TRACKING,0,STATIONARY_CORRECTION_SUPPRESSED,1000000000.000000,0.000000,0.000000,0.000000,0,pcl_gicp,1,merged_0707_0725_v1
210339_wrong_localization,1786795859.636294842,TRACKING,0,STATIONARY_CORRECTION_SUPPRESSED,1000000000.000000,0.000000,0.000000,0.000000,0,pcl_gicp,1,merged_0707_0725_v1
210339_wrong_localization,1786795860.637667179,TRACKING,0,STATIONARY_CORRECTION_SUPPRESSED,1000000000.000000,0.000000,0.000000,0.000000,0,pcl_gicp,1,merged_0707_0725_v1
210339_wrong_localization,1786795861.741323233,TRACKING,0,STATIONARY_CORRECTION_SUPPRESSED,1000000000.000000,0.000000,0.000000,0.000000,0,pcl_gicp,1,merged_0707_0725_v1
210339_wrong_localization,1786795862.736302614,TRACKING,0,STATIONARY_CORRECTION_SUPPRESSED,1000000000.000000,0.000000,0.000000,0.000000,0,pcl_gicp,1,merged_0707_0725_v1
210339_wrong_localization,1786795863.736512661,TRACKING,0,STATIONARY_CORRECTION_SUPPRESSED,1000000000.000000,0.000000,0.000000,0.000000,0,pcl_gicp,1,merged_0707_0725_v1
210339_wrong_localization,1786795864.737626791,TRACKING,0,STATIONARY_CORRECTION_SUPPRESSED,1000000000.000000,0.000000,0.000000,0.000000,0,pcl_gicp,1,merged_0707_0725_v1
210339_wrong_localization,1786795865.839083910,TRACKING,0,STATIONARY_CORRECTION_SUPPRESSED,1000000000.000000,0.000000,0.000000,0.000000,0,pcl_gicp,1,merged_0707_0725_v1
210339_wrong_localization,1786795866.939319134,TRACKING,0,STATIONARY_CORRECTION_SUPPRESSED,1000000000.000000,0.000000,0.000000,0.000000,0,pcl_gicp,1,merged_0707_0725_v1
210339_wrong_localization,1786795868.037610054,TRACKING,0,STATIONARY_CORRECTION_SUPPRESSED,1000000000.000000,0.000000,0.000000,0.000000,0,pcl_gicp,1,merged_0707_0725_v1
210339_wrong_localization,1786795869.039093494,TRACKING,0,STATIONARY_CORRECTION_SUPPRESSED,1000000000.000000,0.000000,0.000000,0.000000,0,pcl_gicp,1,merged_0707_0725_v1
210339_wrong_localization,1786795870.139892101,TRACKING,0,STATIONARY_CORRECTION_SUPPRESSED,1000000000.000000,0.000000,0.000000,0.000000,0,pcl_gicp,1,merged_0707_0725_v1
210339_wrong_localization,1786795871.237187624,TRACKING,0,STATIONARY_CORRECTION_SUPPRESSED,1000000000.000000,0.000000,0.000000,0.000000,0,pcl_gicp,1,merged_0707_0725_v1
210339_wrong_localization,1786795872.339555502,TRACKING,0,STATIONARY_CORRECTION_SUPPRESSED,1000000000.000000,0.000000,0.000000,0.000000,0,pcl_gicp,1,merged_0707_0725_v1
210339_wrong_localization,1786795873.438053608,TRACKING,0,STATIONARY_CORRECTION_SUPPRESSED,1000000000.000000,0.000000,0.000000,0.000000,0,pcl_gicp,1,merged_0707_0725_v1
210339_wrong_localization,1786795874.440783501,TRACKING,0,STATIONARY_CORRECTION_SUPPRESSED,1000000000.000000,0.000000,0.000000,0.000000,0,pcl_gicp,1,merged_0707_0725_v1
210339_wrong_localization,1786795875.542776346,TRACKING,0,STATIONARY_CORRECTION_SUPPRESSED,1000000000.000000,0.000000,0.000000,0.000000,0,pcl_gicp,1,merged_0707_0725_v1
210339_wrong_localization,1786795876.540139437,TRACKING,0,STATIONARY_CORRECTION_SUPPRESSED,1000000000.000000,0.000000,0.000000,0.000000,0,pcl_gicp,1,merged_0707_0725_v1
210339_wrong_localization,1786795877.639694691,TRACKING,0,STATIONARY_CORRECTION_SUPPRESSED,1000000000.000000,0.000000,0.000000,0.000000,0,pcl_gicp,1,merged_0707_0725_v1
210339_wrong_localization,1786795878.740658522,TRACKING,0,STATIONARY_CORRECTION_SUPPRESSED,1000000000.000000,0.000000,0.000000,0.000000,0,pcl_gicp,1,merged_0707_0725_v1
210339_wrong_localization,1786795879.844514370,TRACKING,0,STATIONARY_CORRECTION_SUPPRESSED,1000000000.000000,0.000000,0.000000,0.000000,0,pcl_gicp,1,merged_0707_0725_v1
210339_wrong_localization,1786795880.840220690,TRACKING,0,STATIONARY_CORRECTION_SUPPRESSED,1000000000.000000,0.000000,0.000000,0.000000,0,pcl_gicp,1,merged_0707_0725_v1
210339_wrong_localization,1786795881.839496613,TRACKING,0,STATIONARY_CORRECTION_SUPPRESSED,1000000000.000000,0.000000,0.000000,0.000000,0,pcl_gicp,1,merged_0707_0725_v1
210339_wrong_localization,1786795882.941238403,TRACKING,0,STATIONARY_CORRECTION_SUPPRESSED,1000000000.000000,0.000000,0.000000,0.000000,0,pcl_gicp,1,merged_0707_0725_v1
210339_wrong_localization,1786795883.940057278,TRACKING,0,STATIONARY_CORRECTION_SUPPRESSED,1000000000.000000,0.000000,0.000000,0.000000,0,pcl_gicp,1,merged_0707_0725_v1
210339_wrong_localization,1786795884.939939499,TRACKING,0,STATIONARY_CORRECTION_SUPPRESSED,1000000000.000000,0.000000,0.000000,0.000000,0,pcl_gicp,1,merged_0707_0725_v1
210339_wrong_localization,1786795886.038849592,TRACKING,0,STATIONARY_CORRECTION_SUPPRESSED,1000000000.000000,0.000000,0.000000,0.000000,0,pcl_gicp,1,merged_0707_0725_v1
210339_wrong_localization,1786795887.041644812,TRACKING,0,STATIONARY_CORRECTION_SUPPRESSED,1000000000.000000,0.000000,0.000000,0.000000,0,pcl_gicp,1,merged_0707_0725_v1
210339_wrong_localization,1786795888.143133402,TRACKING,0,STATIONARY_CORRECTION_SUPPRESSED,1000000000.000000,0.000000,0.000000,0.000000,0,pcl_gicp,1,merged_0707_0725_v1
210339_wrong_localization,1786795889.240153074,TRACKING,0,STATIONARY_CORRECTION_SUPPRESSED,1000000000.000000,0.000000,0.000000,0.000000,0,pcl_gicp,1,merged_0707_0725_v1
210339_wrong_localization,1786795890.241611004,TRACKING,0,STATIONARY_CORRECTION_SUPPRESSED,1000000000.000000,0.000000,0.000000,0.000000,0,pcl_gicp,1,merged_0707_0725_v1
210339_wrong_localization,1786795891.340662718,TRACKING,0,STATIONARY_CORRECTION_SUPPRESSED,1000000000.000000,0.000000,0.000000,0.000000,0,pcl_gicp,1,merged_0707_0725_v1
210339_wrong_localization,1786795892.346111774,TRACKING,0,STATIONARY_CORRECTION_SUPPRESSED,1000000000.000000,0.000000,0.000000,0.000000,0,pcl_gicp,1,merged_0707_0725_v1
210339_wrong_localization,1786795893.340977192,TRACKING,0,STATIONARY_CORRECTION_SUPPRESSED,1000000000.000000,0.000000,0.000000,0.000000,0,pcl_gicp,1,merged_0707_0725_v1
210339_wrong_localization,1786795894.341269493,TRACKING,0,STATIONARY_CORRECTION_SUPPRESSED,1000000000.000000,0.000000,0.000000,0.000000,0,pcl_gicp,1,merged_0707_0725_v1
210339_wrong_localization,1786795895.441106558,TRACKING,0,STATIONARY_CORRECTION_SUPPRESSED,1000000000.000000,0.000000,0.000000,0.000000,0,pcl_gicp,1,merged_0707_0725_v1
210339_wrong_localization,1786795896.543984175,TRACKING,0,STATIONARY_CORRECTION_SUPPRESSED,1000000000.000000,0.000000,0.000000,0.000000,0,pcl_gicp,1,merged_0707_0725_v1
210339_wrong_localization,1786795897.636378288,TRACKING,0,STATIONARY_CORRECTION_SUPPRESSED,1000000000.000000,0.000000,0.000000,0.000000,0,pcl_gicp,1,merged_0707_0725_v1
210339_wrong_localization,1786795898.744593143,TRACKING,0,STATIONARY_CORRECTION_SUPPRESSED,1000000000.000000,0.000000,0.000000,0.000000,0,pcl_gicp,1,merged_0707_0725_v1
210339_wrong_localization,1786795899.836665869,TRACKING,0,STATIONARY_CORRECTION_SUPPRESSED,1000000000.000000,0.000000,0.000000,0.000000,0,pcl_gicp,1,merged_0707_0725_v1
210339_wrong_localization,1786795900.845097065,TRACKING,0,STATIONARY_CORRECTION_SUPPRESSED,1000000000.000000,0.000000,0.000000,0.000000,0,pcl_gicp,1,merged_0707_0725_v1
210339_wrong_localization,1786795901.837082148,TRACKING,0,STATIONARY_CORRECTION_SUPPRESSED,1000000000.000000,0.000000,0.000000,0.000000,0,pcl_gicp,1,merged_0707_0725_v1
210339_wrong_localization,1786795902.939475536,TRACKING,0,STATIONARY_CORRECTION_SUPPRESSED,1000000000.000000,0.000000,0.000000,0.000000,0,pcl_gicp,1,merged_0707_0725_v1
210339_wrong_localization,1786795904.036857367,TRACKING,0,STATIONARY_CORRECTION_SUPPRESSED,1000000000.000000,0.000000,0.000000,0.000000,0,pcl_gicp,1,merged_0707_0725_v1
210339_wrong_localization,1786795905.039576292,TRACKING,0,STATIONARY_CORRECTION_SUPPRESSED,1000000000.000000,0.000000,0.000000,0.000000,0,pcl_gicp,1,merged_0707_0725_v1
210339_wrong_localization,1786795906.138530493,TRACKING,0,STATIONARY_CORRECTION_SUPPRESSED,1000000000.000000,0.000000,0.000000,0.000000,0,pcl_gicp,1,merged_0707_0725_v1
210339_wrong_localization,1786795907.241678715,TRACKING,0,STATIONARY_CORRECTION_SUPPRESSED,1000000000.000000,0.000000,0.000000,0.000000,0,pcl_gicp,1,merged_0707_0725_v1
210339_wrong_localization,1786795908.237840176,TRACKING,0,STATIONARY_CORRECTION_SUPPRESSED,1000000000.000000,0.000000,0.000000,0.000000,0,pcl_gicp,1,merged_0707_0725_v1
210339_wrong_localization,1786795909.240245104,TRACKING,0,STATIONARY_CORRECTION_SUPPRESSED,1000000000.000000,0.000000,0.000000,0.000000,0,pcl_gicp,1,merged_0707_0725_v1
210339_wrong_localization,1786795910.239038229,TRACKING,0,STATIONARY_CORRECTION_SUPPRESSED,1000000000.000000,0.000000,0.000000,0.000000,0,pcl_gicp,1,merged_0707_0725_v1
210339_wrong_localization,1786795911.338823080,TRACKING,0,STATIONARY_CORRECTION_SUPPRESSED,1000000000.000000,0.000000,0.000000,0.000000,0,pcl_gicp,1,merged_0707_0725_v1
210339_wrong_localization,1786795912.438115120,TRACKING,0,STATIONARY_CORRECTION_SUPPRESSED,1000000000.000000,0.000000,0.000000,0.000000,0,pcl_gicp,1,merged_0707_0725_v1
210339_wrong_localization,1786795913.539937019,TRACKING,0,STATIONARY_CORRECTION_SUPPRESSED,1000000000.000000,0.000000,0.000000,0.000000,0,pcl_gicp,1,merged_0707_0725_v1
210339_wrong_localization,1786795914.540647030,TRACKING,0,STATIONARY_CORRECTION_SUPPRESSED,1000000000.000000,0.000000,0.000000,0.000000,0,pcl_gicp,1,merged_0707_0725_v1
210339_wrong_localization,1786795915.637610435,TRACKING,0,STATIONARY_CORRECTION_SUPPRESSED,1000000000.000000,0.000000,0.000000,0.000000,0,pcl_gicp,1,merged_0707_0725_v1
210339_wrong_localization,1786795916.642913103,TRACKING,0,STATIONARY_CORRECTION_SUPPRESSED,1000000000.000000,0.000000,0.000000,0.000000,0,pcl_gicp,1,merged_0707_0725_v1
210339_wrong_localization,1786795917.737563372,TRACKING,0,STATIONARY_CORRECTION_SUPPRESSED,1000000000.000000,0.000000,0.000000,0.000000,0,pcl_gicp,1,merged_0707_0725_v1
210339_wrong_localization,1786795918.742816210,TRACKING,0,STATIONARY_CORRECTION_SUPPRESSED,1000000000.000000,0.000000,0.000000,0.000000,0,pcl_gicp,1,merged_0707_0725_v1
210339_wrong_localization,1786795919.739339828,TRACKING,0,STATIONARY_CORRECTION_SUPPRESSED,1000000000.000000,0.000000,0.000000,0.000000,0,pcl_gicp,1,merged_0707_0725_v1
210339_wrong_localization,1786795920.839455128,TRACKING,0,STATIONARY_CORRECTION_SUPPRESSED,1000000000.000000,0.000000,0.000000,0.000000,0,pcl_gicp,1,merged_0707_0725_v1
210339_wrong_localization,1786795921.939697981,TRACKING,0,STATIONARY_CORRECTION_SUPPRESSED,1000000000.000000,0.000000,0.000000,0.000000,0,pcl_gicp,1,merged_0707_0725_v1
210339_wrong_localization,1786795922.939542294,TRACKING,0,STATIONARY_CORRECTION_SUPPRESSED,1000000000.000000,0.000000,0.000000,0.000000,0,pcl_gicp,1,merged_0707_0725_v1
210339_wrong_localization,1786795923.937760592,TRACKING,0,STATIONARY_CORRECTION_SUPPRESSED,1000000000.000000,0.000000,0.000000,0.000000,0,pcl_gicp,1,merged_0707_0725_v1
210339_wrong_localization,1786795924.939868212,TRACKING,0,STATIONARY_CORRECTION_SUPPRESSED,1000000000.000000,0.000000,0.000000,0.000000,0,pcl_gicp,1,merged_0707_0725_v1
210339_wrong_localization,1786795925.941352606,TRACKING,0,STATIONARY_CORRECTION_SUPPRESSED,1000000000.000000,0.000000,0.000000,0.000000,0,pcl_gicp,1,merged_0707_0725_v1
210339_wrong_localization,1786795926.939823151,TRACKING,0,STATIONARY_CORRECTION_SUPPRESSED,1000000000.000000,0.000000,0.000000,0.000000,0,pcl_gicp,1,merged_0707_0725_v1
210339_wrong_localization,1786795928.041429996,TRACKING,0,STATIONARY_CORRECTION_SUPPRESSED,1000000000.000000,0.000000,0.000000,0.000000,0,pcl_gicp,1,merged_0707_0725_v1
210339_wrong_localization,1786795929.141877890,TRACKING,0,STATIONARY_CORRECTION_SUPPRESSED,1000000000.000000,0.000000,0.000000,0.000000,0,pcl_gicp,1,merged_0707_0725_v1
210339_wrong_localization,1786795930.239637375,TRACKING,0,STATIONARY_CORRECTION_SUPPRESSED,1000000000.000000,0.000000,0.000000,0.000000,0,pcl_gicp,1,merged_0707_0725_v1
210339_wrong_localization,1786795931.340211391,TRACKING,0,STATIONARY_CORRECTION_SUPPRESSED,1000000000.000000,0.000000,0.000000,0.000000,0,pcl_gicp,1,merged_0707_0725_v1
210339_wrong_localization,1786795932.339074850,TRACKING,0,STATIONARY_CORRECTION_SUPPRESSED,1000000000.000000,0.000000,0.000000,0.000000,0,pcl_gicp,1,merged_0707_0725_v1
210339_wrong_localization,1786795933.438589096,TRACKING,0,STATIONARY_CORRECTION_SUPPRESSED,1000000000.000000,0.000000,0.000000,0.000000,0,pcl_gicp,1,merged_0707_0725_v1
210339_wrong_localization,1786795934.541817665,TRACKING,0,STATIONARY_CORRECTION_SUPPRESSED,1000000000.000000,0.000000,0.000000,0.000000,0,pcl_gicp,1,merged_0707_0725_v1
210339_wrong_localization,1786795935.643438578,TRACKING,0,STATIONARY_CORRECTION_SUPPRESSED,1000000000.000000,0.000000,0.000000,0.000000,0,pcl_gicp,1,merged_0707_0725_v1
210339_wrong_localization,1786795936.639923811,TRACKING,0,STATIONARY_CORRECTION_SUPPRESSED,1000000000.000000,0.000000,0.000000,0.000000,0,pcl_gicp,1,merged_0707_0725_v1
210339_wrong_localization,1786795937.742454290,TRACKING,0,STATIONARY_CORRECTION_SUPPRESSED,1000000000.000000,0.000000,0.000000,0.000000,0,pcl_gicp,1,merged_0707_0725_v1
210339_wrong_localization,1786795938.739411354,TRACKING,0,STATIONARY_CORRECTION_SUPPRESSED,1000000000.000000,0.000000,0.000000,0.000000,0,pcl_gicp,1,merged_0707_0725_v1
210339_wrong_localization,1786795939.837647915,TRACKING,0,STATIONARY_CORRECTION_SUPPRESSED,1000000000.000000,0.000000,0.000000,0.000000,0,pcl_gicp,1,merged_0707_0725_v1
210339_wrong_localization,1786795940.936513901,TRACKING,0,STATIONARY_CORRECTION_SUPPRESSED,1000000000.000000,0.000000,0.000000,0.000000,0,pcl_gicp,1,merged_0707_0725_v1
210339_wrong_localization,1786795941.936142206,TRACKING,0,STATIONARY_CORRECTION_SUPPRESSED,1000000000.000000,0.000000,0.000000,0.000000,0,pcl_gicp,1,merged_0707_0725_v1
210339_wrong_localization,1786795943.035965919,TRACKING,0,STATIONARY_CORRECTION_SUPPRESSED,1000000000.000000,0.000000,0.000000,0.000000,0,pcl_gicp,1,merged_0707_0725_v1
210339_wrong_localization,1786795944.140928984,TRACKING,0,STATIONARY_CORRECTION_SUPPRESSED,1000000000.000000,0.000000,0.000000,0.000000,0,pcl_gicp,1,merged_0707_0725_v1
210339_wrong_localization,1786795945.138377428,TRACKING,0,STATIONARY_CORRECTION_SUPPRESSED,1000000000.000000,0.000000,0.000000,0.000000,0,pcl_gicp,1,merged_0707_0725_v1
210339_wrong_localization,1786795946.138507128,TRACKING,0,STATIONARY_CORRECTION_SUPPRESSED,1000000000.000000,0.000000,0.000000,0.000000,0,pcl_gicp,1,merged_0707_0725_v1
210339_wrong_localization,1786795947.136969566,TRACKING,0,STATIONARY_CORRECTION_SUPPRESSED,1000000000.000000,0.000000,0.000000,0.000000,0,pcl_gicp,1,merged_0707_0725_v1
210339_wrong_localization,1786795948.136461496,TRACKING,0,STATIONARY_CORRECTION_SUPPRESSED,1000000000.000000,0.000000,0.000000,0.000000,0,pcl_gicp,1,merged_0707_0725_v1
210339_wrong_localization,1786795949.240440130,TRACKING,0,STATIONARY_CORRECTION_SUPPRESSED,1000000000.000000,0.000000,0.000000,0.000000,0,pcl_gicp,1,merged_0707_0725_v1
210339_wrong_localization,1786795950.337766886,TRACKING,0,STATIONARY_CORRECTION_SUPPRESSED,1000000000.000000,0.000000,0.000000,0.000000,0,pcl_gicp,1,merged_0707_0725_v1
210339_wrong_localization,1786795951.438005209,TRACKING,0,STATIONARY_CORRECTION_SUPPRESSED,1000000000.000000,0.000000,0.000000,0.000000,0,pcl_gicp,1,merged_0707_0725_v1
210339_wrong_localization,1786795952.540282726,TRACKING,0,STATIONARY_CORRECTION_SUPPRESSED,1000000000.000000,0.000000,0.000000,0.000000,0,pcl_gicp,1,merged_0707_0725_v1
210339_wrong_localization,1786795953.638694286,TRACKING,0,STATIONARY_CORRECTION_SUPPRESSED,1000000000.000000,0.000000,0.000000,0.000000,0,pcl_gicp,1,merged_0707_0725_v1
210339_wrong_localization,1786795954.640192270,TRACKING,0,STATIONARY_CORRECTION_SUPPRESSED,1000000000.000000,0.000000,0.000000,0.000000,0,pcl_gicp,1,merged_0707_0725_v1
210339_wrong_localization,1786795955.739210606,TRACKING,0,STATIONARY_CORRECTION_SUPPRESSED,1000000000.000000,0.000000,0.000000,0.000000,0,pcl_gicp,1,merged_0707_0725_v1
210339_wrong_localization,1786795956.841527700,TRACKING,0,STATIONARY_CORRECTION_SUPPRESSED,1000000000.000000,0.000000,0.000000,0.000000,0,pcl_gicp,1,merged_0707_0725_v1
210339_wrong_localization,1786795957.942652225,TRACKING,0,STATIONARY_CORRECTION_SUPPRESSED,1000000000.000000,0.000000,0.000000,0.000000,0,pcl_gicp,1,merged_0707_0725_v1
210339_wrong_localization,1786795959.039376497,TRACKING,0,STATIONARY_CORRECTION_SUPPRESSED,1000000000.000000,0.000000,0.000000,0.000000,0,pcl_gicp,1,merged_0707_0725_v1
210339_wrong_localization,1786795960.040415764,TRACKING,0,STATIONARY_CORRECTION_SUPPRESSED,1000000000.000000,0.000000,0.000000,0.000000,0,pcl_gicp,1,merged_0707_0725_v1
210339_wrong_localization,1786795961.040941238,TRACKING,0,STATIONARY_CORRECTION_SUPPRESSED,1000000000.000000,0.000000,0.000000,0.000000,0,pcl_gicp,1,merged_0707_0725_v1
210339_wrong_localization,1786795962.139991522,TRACKING,0,STATIONARY_CORRECTION_SUPPRESSED,1000000000.000000,0.000000,0.000000,0.000000,0,pcl_gicp,1,merged_0707_0725_v1
210339_wrong_localization,1786795963.138589382,TRACKING,0,STATIONARY_CORRECTION_SUPPRESSED,1000000000.000000,0.000000,0.000000,0.000000,0,pcl_gicp,1,merged_0707_0725_v1
210339_wrong_localization,1786795964.239596128,TRACKING,0,STATIONARY_CORRECTION_SUPPRESSED,1000000000.000000,0.000000,0.000000,0.000000,0,pcl_gicp,1,merged_0707_0725_v1
210339_wrong_localization,1786795965.239586115,TRACKING,0,STATIONARY_CORRECTION_SUPPRESSED,1000000000.000000,0.000000,0.000000,0.000000,0,pcl_gicp,1,merged_0707_0725_v1
210339_wrong_localization,1786795966.340082169,TRACKING,0,STATIONARY_CORRECTION_SUPPRESSED,1000000000.000000,0.000000,0.000000,0.000000,0,pcl_gicp,1,merged_0707_0725_v1
210339_wrong_localization,1786795967.343160868,TRACKING,0,STATIONARY_CORRECTION_SUPPRESSED,1000000000.000000,0.000000,0.000000,0.000000,0,pcl_gicp,1,merged_0707_0725_v1
210339_wrong_localization,1786795968.438586473,TRACKING,0,STATIONARY_CORRECTION_SUPPRESSED,1000000000.000000,0.000000,0.000000,0.000000,0,pcl_gicp,1,merged_0707_0725_v1
210339_wrong_localization,1786795969.439065933,TRACKING,0,STATIONARY_CORRECTION_SUPPRESSED,1000000000.000000,0.000000,0.000000,0.000000,0,pcl_gicp,1,merged_0707_0725_v1
210339_wrong_localization,1786795970.442997932,TRACKING,0,STATIONARY_CORRECTION_SUPPRESSED,1000000000.000000,0.000000,0.000000,0.000000,0,pcl_gicp,1,merged_0707_0725_v1
210339_wrong_localization,1786795971.440718651,TRACKING,0,STATIONARY_CORRECTION_SUPPRESSED,1000000000.000000,0.000000,0.000000,0.000000,0,pcl_gicp,1,merged_0707_0725_v1
210339_wrong_localization,1786795972.443195581,TRACKING,0,STATIONARY_CORRECTION_SUPPRESSED,1000000000.000000,0.000000,0.000000,0.000000,0,pcl_gicp,1,merged_0707_0725_v1
210339_wrong_localization,1786795973.441654921,TRACKING,0,STATIONARY_CORRECTION_SUPPRESSED,1000000000.000000,0.000000,0.000000,0.000000,0,pcl_gicp,1,merged_0707_0725_v1
210339_wrong_localization,1786795974.541171074,TRACKING,0,STATIONARY_CORRECTION_SUPPRESSED,1000000000.000000,0.000000,0.000000,0.000000,0,pcl_gicp,1,merged_0707_0725_v1
210339_wrong_localization,1786795975.640861988,TRACKING,0,STATIONARY_CORRECTION_SUPPRESSED,1000000000.000000,0.000000,0.000000,0.000000,0,pcl_gicp,1,merged_0707_0725_v1
210339_wrong_localization,1786795976.738767385,TRACKING,0,STATIONARY_CORRECTION_SUPPRESSED,1000000000.000000,0.000000,0.000000,0.000000,0,pcl_gicp,1,merged_0707_0725_v1
210339_wrong_localization,1786795977.842993498,TRACKING,0,STATIONARY_CORRECTION_SUPPRESSED,1000000000.000000,0.000000,0.000000,0.000000,0,pcl_gicp,1,merged_0707_0725_v1
210339_wrong_localization,1786795978.942588091,TRACKING,0,STATIONARY_CORRECTION_SUPPRESSED,1000000000.000000,0.000000,0.000000,0.000000,0,pcl_gicp,1,merged_0707_0725_v1
210339_wrong_localization,1786795980.040730476,TRACKING,0,STATIONARY_CORRECTION_SUPPRESSED,1000000000.000000,0.000000,0.000000,0.000000,0,pcl_gicp,1,merged_0707_0725_v1
210339_wrong_localization,1786795981.140592337,TRACKING,0,STATIONARY_CORRECTION_SUPPRESSED,1000000000.000000,0.000000,0.000000,0.000000,0,pcl_gicp,1,merged_0707_0725_v1
210339_wrong_localization,1786795982.138956070,TRACKING,0,STATIONARY_CORRECTION_SUPPRESSED,1000000000.000000,0.000000,0.000000,0.000000,0,pcl_gicp,1,merged_0707_0725_v1
210339_wrong_localization,1786795983.240264654,TRACKING,0,STATIONARY_CORRECTION_SUPPRESSED,1000000000.000000,0.000000,0.000000,0.000000,0,pcl_gicp,1,merged_0707_0725_v1
210339_wrong_localization,1786795984.243527174,TRACKING,0,STATIONARY_CORRECTION_SUPPRESSED,1000000000.000000,0.000000,0.000000,0.000000,0,pcl_gicp,1,merged_0707_0725_v1
210339_wrong_localization,1786795985.339644909,TRACKING,0,STATIONARY_CORRECTION_SUPPRESSED,1000000000.000000,0.000000,0.000000,0.000000,0,pcl_gicp,1,merged_0707_0725_v1
210339_wrong_localization,1786795986.443812609,TRACKING,0,STATIONARY_CORRECTION_SUPPRESSED,1000000000.000000,0.000000,0.000000,0.000000,0,pcl_gicp,1,merged_0707_0725_v1
210339_wrong_localization,1786795987.439639091,TRACKING,0,STATIONARY_CORRECTION_SUPPRESSED,1000000000.000000,0.000000,0.000000,0.000000,0,pcl_gicp,1,merged_0707_0725_v1
210339_wrong_localization,1786795988.444265842,TRACKING,0,STATIONARY_CORRECTION_SUPPRESSED,1000000000.000000,0.000000,0.000000,0.000000,0,pcl_gicp,1,merged_0707_0725_v1
210339_wrong_localization,1786795989.536483526,TRACKING,0,STATIONARY_CORRECTION_SUPPRESSED,1000000000.000000,0.000000,0.000000,0.000000,0,pcl_gicp,1,merged_0707_0725_v1
210339_wrong_localization,1786795990.542850494,TRACKING,0,STATIONARY_CORRECTION_SUPPRESSED,1000000000.000000,0.000000,0.000000,0.000000,0,pcl_gicp,1,merged_0707_0725_v1
210339_wrong_localization,1786795991.545216799,TRACKING,0,STATIONARY_CORRECTION_SUPPRESSED,1000000000.000000,0.000000,0.000000,0.000000,0,pcl_gicp,1,merged_0707_0725_v1
210339_wrong_localization,1786795992.544148684,TRACKING,0,STATIONARY_CORRECTION_SUPPRESSED,1000000000.000000,0.000000,0.000000,0.000000,0,pcl_gicp,1,merged_0707_0725_v1
210339_wrong_localization,1786795993.545571566,TRACKING,0,STATIONARY_CORRECTION_SUPPRESSED,1000000000.000000,0.000000,0.000000,0.000000,0,pcl_gicp,1,merged_0707_0725_v1
210339_wrong_localization,1786795994.640926600,TRACKING,0,STATIONARY_CORRECTION_SUPPRESSED,1000000000.000000,0.000000,0.000000,0.000000,0,pcl_gicp,1,merged_0707_0725_v1
210339_wrong_localization,1786795995.744271040,TRACKING,0,STATIONARY_CORRECTION_SUPPRESSED,1000000000.000000,0.000000,0.000000,0.000000,0,pcl_gicp,1,merged_0707_0725_v1
210339_wrong_localization,1786795996.841583490,TRACKING,0,STATIONARY_CORRECTION_SUPPRESSED,1000000000.000000,0.000000,0.000000,0.000000,0,pcl_gicp,1,merged_0707_0725_v1
210339_wrong_localization,1786795997.846218348,TRACKING,0,STATIONARY_CORRECTION_SUPPRESSED,1000000000.000000,0.000000,0.000000,0.000000,0,pcl_gicp,1,merged_0707_0725_v1
210339_wrong_localization,1786795998.937919140,TRACKING,0,STATIONARY_CORRECTION_SUPPRESSED,1000000000.000000,0.000000,0.000000,0.000000,0,pcl_gicp,1,merged_0707_0725_v1
210339_wrong_localization,1786795999.946244717,TRACKING,0,STATIONARY_CORRECTION_SUPPRESSED,1000000000.000000,0.000000,0.000000,0.000000,0,pcl_gicp,1,merged_0707_0725_v1
210339_wrong_localization,1786796000.941039562,TRACKING,0,STATIONARY_CORRECTION_SUPPRESSED,1000000000.000000,0.000000,0.000000,0.000000,0,pcl_gicp,1,merged_0707_0725_v1
210339_wrong_localization,1786796002.037616491,TRACKING,0,STATIONARY_CORRECTION_SUPPRESSED,1000000000.000000,0.000000,0.000000,0.000000,0,pcl_gicp,1,merged_0707_0725_v1
210339_wrong_localization,1786796003.142801285,TRACKING,0,STATIONARY_CORRECTION_SUPPRESSED,1000000000.000000,0.000000,0.000000,0.000000,0,pcl_gicp,1,merged_0707_0725_v1
210339_wrong_localization,1786796004.238117695,TRACKING,0,STATIONARY_CORRECTION_SUPPRESSED,1000000000.000000,0.000000,0.000000,0.000000,0,pcl_gicp,1,merged_0707_0725_v1
210339_wrong_localization,1786796005.336082935,TRACKING,0,STATIONARY_CORRECTION_SUPPRESSED,1000000000.000000,0.000000,0.000000,0.000000,0,pcl_gicp,1,merged_0707_0725_v1
210339_wrong_localization,1786796006.339349985,TRACKING,0,STATIONARY_CORRECTION_SUPPRESSED,1000000000.000000,0.000000,0.000000,0.000000,0,pcl_gicp,1,merged_0707_0725_v1
210339_wrong_localization,1786796007.438254595,TRACKING,0,STATIONARY_CORRECTION_SUPPRESSED,1000000000.000000,0.000000,0.000000,0.000000,0,pcl_gicp,1,merged_0707_0725_v1
210339_wrong_localization,1786796008.537307024,TRACKING,0,STATIONARY_CORRECTION_SUPPRESSED,1000000000.000000,0.000000,0.000000,0.000000,0,pcl_gicp,1,merged_0707_0725_v1
210339_wrong_localization,1786796009.536815643,TRACKING,0,STATIONARY_CORRECTION_SUPPRESSED,1000000000.000000,0.000000,0.000000,0.000000,0,pcl_gicp,1,merged_0707_0725_v1
210339_wrong_localization,1786796010.535999537,TRACKING,0,STATIONARY_CORRECTION_SUPPRESSED,1000000000.000000,0.000000,0.000000,0.000000,0,pcl_gicp,1,merged_0707_0725_v1
210339_wrong_localization,1786796011.641596317,TRACKING,0,STATIONARY_CORRECTION_SUPPRESSED,1000000000.000000,0.000000,0.000000,0.000000,0,pcl_gicp,1,merged_0707_0725_v1
210339_wrong_localization,1786796012.636873722,TRACKING,0,STATIONARY_CORRECTION_SUPPRESSED,1000000000.000000,0.000000,0.000000,0.000000,0,pcl_gicp,1,merged_0707_0725_v1
210339_wrong_localization,1786796013.639338732,TRACKING,0,STATIONARY_CORRECTION_SUPPRESSED,1000000000.000000,0.000000,0.000000,0.000000,0,pcl_gicp,1,merged_0707_0725_v1
210339_wrong_localization,1786796014.637510061,TRACKING,0,STATIONARY_CORRECTION_SUPPRESSED,1000000000.000000,0.000000,0.000000,0.000000,0,pcl_gicp,1,merged_0707_0725_v1
210339_wrong_localization,1786796015.636336565,TRACKING,0,STATIONARY_CORRECTION_SUPPRESSED,1000000000.000000,0.000000,0.000000,0.000000,0,pcl_gicp,1,merged_0707_0725_v1
210339_wrong_localization,1786796016.639084101,TRACKING,0,STATIONARY_CORRECTION_SUPPRESSED,1000000000.000000,0.000000,0.000000,0.000000,0,pcl_gicp,1,merged_0707_0725_v1
210339_wrong_localization,1786796017.737889051,TRACKING,0,STATIONARY_CORRECTION_SUPPRESSED,1000000000.000000,0.000000,0.000000,0.000000,0,pcl_gicp,1,merged_0707_0725_v1
210339_wrong_localization,1786796018.739697218,TRACKING,0,STATIONARY_CORRECTION_SUPPRESSED,1000000000.000000,0.000000,0.000000,0.000000,0,pcl_gicp,1,merged_0707_0725_v1
210339_wrong_localization,1786796019.839410305,TRACKING,0,STATIONARY_CORRECTION_SUPPRESSED,1000000000.000000,0.000000,0.000000,0.000000,0,pcl_gicp,1,merged_0707_0725_v1
210339_wrong_localization,1786796020.939588547,TRACKING,0,STATIONARY_CORRECTION_SUPPRESSED,1000000000.000000,0.000000,0.000000,0.000000,0,pcl_gicp,1,merged_0707_0725_v1
210339_wrong_localization,1786796022.037431717,TRACKING,0,STATIONARY_CORRECTION_SUPPRESSED,1000000000.000000,0.000000,0.000000,0.000000,0,pcl_gicp,1,merged_0707_0725_v1
210339_wrong_localization,1786796023.040047169,TRACKING,0,STATIONARY_CORRECTION_SUPPRESSED,1000000000.000000,0.000000,0.000000,0.000000,0,pcl_gicp,1,merged_0707_0725_v1
210339_wrong_localization,1786796024.139976740,TRACKING,0,STATIONARY_CORRECTION_SUPPRESSED,1000000000.000000,0.000000,0.000000,0.000000,0,pcl_gicp,1,merged_0707_0725_v1
210339_wrong_localization,1786796025.139726639,TRACKING,0,STATIONARY_CORRECTION_SUPPRESSED,1000000000.000000,0.000000,0.000000,0.000000,0,pcl_gicp,1,merged_0707_0725_v1
210339_wrong_localization,1786796026.239233494,TRACKING,0,STATIONARY_CORRECTION_SUPPRESSED,1000000000.000000,0.000000,0.000000,0.000000,0,pcl_gicp,1,merged_0707_0725_v1
210339_wrong_localization,1786796027.337502718,TRACKING,0,STATIONARY_CORRECTION_SUPPRESSED,1000000000.000000,0.000000,0.000000,0.000000,0,pcl_gicp,1,merged_0707_0725_v1
210339_wrong_localization,1786796028.337895393,TRACKING,0,STATIONARY_CORRECTION_SUPPRESSED,1000000000.000000,0.000000,0.000000,0.000000,0,pcl_gicp,1,merged_0707_0725_v1
210339_wrong_localization,1786796029.439877272,TRACKING,0,STATIONARY_CORRECTION_SUPPRESSED,1000000000.000000,0.000000,0.000000,0.000000,0,pcl_gicp,1,merged_0707_0725_v1
210339_wrong_localization,1786796030.437670708,TRACKING,0,STATIONARY_CORRECTION_SUPPRESSED,1000000000.000000,0.000000,0.000000,0.000000,0,pcl_gicp,1,merged_0707_0725_v1
210339_wrong_localization,1786796031.439326525,TRACKING,0,STATIONARY_CORRECTION_SUPPRESSED,1000000000.000000,0.000000,0.000000,0.000000,0,pcl_gicp,1,merged_0707_0725_v1
210339_wrong_localization,1786796032.437968493,TRACKING,0,STATIONARY_CORRECTION_SUPPRESSED,1000000000.000000,0.000000,0.000000,0.000000,0,pcl_gicp,1,merged_0707_0725_v1
210339_wrong_localization,1786796033.540514469,TRACKING,0,STATIONARY_CORRECTION_SUPPRESSED,1000000000.000000,0.000000,0.000000,0.000000,0,pcl_gicp,1,merged_0707_0725_v1
210339_wrong_localization,1786796034.637309790,TRACKING,0,STATIONARY_CORRECTION_SUPPRESSED,1000000000.000000,0.000000,0.000000,0.000000,0,pcl_gicp,1,merged_0707_0725_v1
210339_wrong_localization,1786796035.641250849,TRACKING,0,STATIONARY_CORRECTION_SUPPRESSED,1000000000.000000,0.000000,0.000000,0.000000,0,pcl_gicp,1,merged_0707_0725_v1
210339_wrong_localization,1786796036.638894081,TRACKING,0,STATIONARY_CORRECTION_SUPPRESSED,1000000000.000000,0.000000,0.000000,0.000000,0,pcl_gicp,1,merged_0707_0725_v1
210339_wrong_localization,1786796037.741533995,TRACKING,0,STATIONARY_CORRECTION_SUPPRESSED,1000000000.000000,0.000000,0.000000,0.000000,0,pcl_gicp,1,merged_0707_0725_v1
210339_wrong_localization,1786796038.743442059,TRACKING,0,STATIONARY_CORRECTION_SUPPRESSED,1000000000.000000,0.000000,0.000000,0.000000,0,pcl_gicp,1,merged_0707_0725_v1
210339_wrong_localization,1786796039.739494562,TRACKING,0,STATIONARY_CORRECTION_SUPPRESSED,1000000000.000000,0.000000,0.000000,0.000000,0,pcl_gicp,1,merged_0707_0725_v1
210339_wrong_localization,1786796040.841505051,TRACKING,0,STATIONARY_CORRECTION_SUPPRESSED,1000000000.000000,0.000000,0.000000,0.000000,0,pcl_gicp,1,merged_0707_0725_v1
210339_wrong_localization,1786796041.841766596,TRACKING,0,STATIONARY_CORRECTION_SUPPRESSED,1000000000.000000,0.000000,0.000000,0.000000,0,pcl_gicp,1,merged_0707_0725_v1
210339_wrong_localization,1786796042.841874838,TRACKING,0,STATIONARY_CORRECTION_SUPPRESSED,1000000000.000000,0.000000,0.000000,0.000000,0,pcl_gicp,1,merged_0707_0725_v1
210339_wrong_localization,1786796043.840765476,TRACKING,0,STATIONARY_CORRECTION_SUPPRESSED,1000000000.000000,0.000000,0.000000,0.000000,0,pcl_gicp,1,merged_0707_0725_v1
210339_wrong_localization,1786796044.841413260,TRACKING,0,STATIONARY_CORRECTION_SUPPRESSED,1000000000.000000,0.000000,0.000000,0.000000,0,pcl_gicp,1,merged_0707_0725_v1
210339_wrong_localization,1786796045.839641333,TRACKING,0,STATIONARY_CORRECTION_SUPPRESSED,1000000000.000000,0.000000,0.000000,0.000000,0,pcl_gicp,1,merged_0707_0725_v1
210339_wrong_localization,1786796046.941171646,TRACKING,0,STATIONARY_CORRECTION_SUPPRESSED,1000000000.000000,0.000000,0.000000,0.000000,0,pcl_gicp,1,merged_0707_0725_v1
210339_wrong_localization,1786796047.939538002,TRACKING,0,STATIONARY_CORRECTION_SUPPRESSED,1000000000.000000,0.000000,0.000000,0.000000,0,pcl_gicp,1,merged_0707_0725_v1
210339_wrong_localization,1786796048.939309597,TRACKING,0,STATIONARY_CORRECTION_SUPPRESSED,1000000000.000000,0.000000,0.000000,0.000000,0,pcl_gicp,1,merged_0707_0725_v1
210339_wrong_localization,1786796049.939856529,TRACKING,0,STATIONARY_CORRECTION_SUPPRESSED,1000000000.000000,0.000000,0.000000,0.000000,0,pcl_gicp,1,merged_0707_0725_v1
210339_wrong_localization,1786796051.043810844,TRACKING,0,STATIONARY_CORRECTION_SUPPRESSED,1000000000.000000,0.000000,0.000000,0.000000,0,pcl_gicp,1,merged_0707_0725_v1
210339_wrong_localization,1786796052.141712666,TRACKING,0,STATIONARY_CORRECTION_SUPPRESSED,1000000000.000000,0.000000,0.000000,0.000000,0,pcl_gicp,1,merged_0707_0725_v1
210339_wrong_localization,1786796053.144472122,TRACKING,0,STATIONARY_CORRECTION_SUPPRESSED,1000000000.000000,0.000000,0.000000,0.000000,0,pcl_gicp,1,merged_0707_0725_v1
210339_wrong_localization,1786796054.140989780,TRACKING,0,STATIONARY_CORRECTION_SUPPRESSED,1000000000.000000,0.000000,0.000000,0.000000,0,pcl_gicp,1,merged_0707_0725_v1
210339_wrong_localization,1786796055.241178274,TRACKING,0,STATIONARY_CORRECTION_SUPPRESSED,1000000000.000000,0.000000,0.000000,0.000000,0,pcl_gicp,1,merged_0707_0725_v1
210339_wrong_localization,1786796056.336661339,TRACKING,0,STATIONARY_CORRECTION_SUPPRESSED,1000000000.000000,0.000000,0.000000,0.000000,0,pcl_gicp,1,merged_0707_0725_v1
210339_wrong_localization,1786796057.340279341,TRACKING,0,STATIONARY_CORRECTION_SUPPRESSED,1000000000.000000,0.000000,0.000000,0.000000,0,pcl_gicp,1,merged_0707_0725_v1
210339_wrong_localization,1786796058.436440706,TRACKING,0,STATIONARY_CORRECTION_SUPPRESSED,1000000000.000000,0.000000,0.000000,0.000000,0,pcl_gicp,1,merged_0707_0725_v1
210339_wrong_localization,1786796059.441723585,TRACKING,0,STATIONARY_CORRECTION_SUPPRESSED,1000000000.000000,0.000000,0.000000,0.000000,0,pcl_gicp,1,merged_0707_0725_v1
210339_wrong_localization,1786796060.538319588,TRACKING,0,STATIONARY_CORRECTION_SUPPRESSED,1000000000.000000,0.000000,0.000000,0.000000,0,pcl_gicp,1,merged_0707_0725_v1
210339_wrong_localization,1786796061.536244154,TRACKING,0,STATIONARY_CORRECTION_SUPPRESSED,1000000000.000000,0.000000,0.000000,0.000000,0,pcl_gicp,1,merged_0707_0725_v1
210339_wrong_localization,1786796062.538656712,TRACKING,0,STATIONARY_CORRECTION_SUPPRESSED,1000000000.000000,0.000000,0.000000,0.000000,0,pcl_gicp,1,merged_0707_0725_v1
210339_wrong_localization,1786796063.539250612,TRACKING,0,STATIONARY_CORRECTION_SUPPRESSED,1000000000.000000,0.000000,0.000000,0.000000,0,pcl_gicp,1,merged_0707_0725_v1
210339_wrong_localization,1786796064.540863991,TRACKING,0,STATIONARY_CORRECTION_SUPPRESSED,1000000000.000000,0.000000,0.000000,0.000000,0,pcl_gicp,1,merged_0707_0725_v1
210339_wrong_localization,1786796065.641543627,TRACKING,0,STATIONARY_CORRECTION_SUPPRESSED,1000000000.000000,0.000000,0.000000,0.000000,0,pcl_gicp,1,merged_0707_0725_v1
210339_wrong_localization,1786796066.736433744,TRACKING,0,STATIONARY_CORRECTION_SUPPRESSED,1000000000.000000,0.000000,0.000000,0.000000,0,pcl_gicp,1,merged_0707_0725_v1
210339_wrong_localization,1786796067.737545252,TRACKING,0,STATIONARY_CORRECTION_SUPPRESSED,1000000000.000000,0.000000,0.000000,0.000000,0,pcl_gicp,1,merged_0707_0725_v1
210339_wrong_localization,1786796068.739104748,TRACKING,0,STATIONARY_CORRECTION_SUPPRESSED,1000000000.000000,0.000000,0.000000,0.000000,0,pcl_gicp,1,merged_0707_0725_v1
210339_wrong_localization,1786796069.739294767,TRACKING,0,STATIONARY_CORRECTION_SUPPRESSED,1000000000.000000,0.000000,0.000000,0.000000,0,pcl_gicp,1,merged_0707_0725_v1
210339_wrong_localization,1786796070.838072062,TRACKING,0,STATIONARY_CORRECTION_SUPPRESSED,1000000000.000000,0.000000,0.000000,0.000000,0,pcl_gicp,1,merged_0707_0725_v1
210339_wrong_localization,1786796071.836496830,TRACKING,0,STATIONARY_CORRECTION_SUPPRESSED,1000000000.000000,0.000000,0.000000,0.000000,0,pcl_gicp,1,merged_0707_0725_v1
210339_wrong_localization,1786796072.841182470,TRACKING,0,STATIONARY_CORRECTION_SUPPRESSED,1000000000.000000,0.000000,0.000000,0.000000,0,pcl_gicp,1,merged_0707_0725_v1
210339_wrong_localization,1786796073.839228153,TRACKING,0,STATIONARY_CORRECTION_SUPPRESSED,1000000000.000000,0.000000,0.000000,0.000000,0,pcl_gicp,1,merged_0707_0725_v1
210339_wrong_localization,1786796074.937230587,TRACKING,0,STATIONARY_CORRECTION_SUPPRESSED,1000000000.000000,0.000000,0.000000,0.000000,0,pcl_gicp,1,merged_0707_0725_v1
210339_wrong_localization,1786796075.936513901,TRACKING,0,STATIONARY_CORRECTION_SUPPRESSED,1000000000.000000,0.000000,0.000000,0.000000,0,pcl_gicp,1,merged_0707_0725_v1
210339_wrong_localization,1786796076.940551519,TRACKING,0,STATIONARY_CORRECTION_SUPPRESSED,1000000000.000000,0.000000,0.000000,0.000000,0,pcl_gicp,1,merged_0707_0725_v1
210339_wrong_localization,1786796078.038074970,TRACKING,0,STATIONARY_CORRECTION_SUPPRESSED,1000000000.000000,0.000000,0.000000,0.000000,0,pcl_gicp,1,merged_0707_0725_v1
210339_wrong_localization,1786796079.037373304,TRACKING,0,STATIONARY_CORRECTION_SUPPRESSED,1000000000.000000,0.000000,0.000000,0.000000,0,pcl_gicp,1,merged_0707_0725_v1
210339_wrong_localization,1786796080.139480352,TRACKING,0,STATIONARY_CORRECTION_SUPPRESSED,1000000000.000000,0.000000,0.000000,0.000000,0,pcl_gicp,1,merged_0707_0725_v1
210339_wrong_localization,1786796081.138775826,TRACKING,0,STATIONARY_CORRECTION_SUPPRESSED,1000000000.000000,0.000000,0.000000,0.000000,0,pcl_gicp,1,merged_0707_0725_v1
210339_wrong_localization,1786796082.239639282,TRACKING,0,STATIONARY_CORRECTION_SUPPRESSED,1000000000.000000,0.000000,0.000000,0.000000,0,pcl_gicp,1,merged_0707_0725_v1
210339_wrong_localization,1786796083.341819763,TRACKING,0,STATIONARY_CORRECTION_SUPPRESSED,1000000000.000000,0.000000,0.000000,0.000000,0,pcl_gicp,1,merged_0707_0725_v1
210339_wrong_localization,1786796084.338586807,TRACKING,0,STATIONARY_CORRECTION_SUPPRESSED,1000000000.000000,0.000000,0.000000,0.000000,0,pcl_gicp,1,merged_0707_0725_v1
210339_wrong_localization,1786796085.438163042,TRACKING,0,STATIONARY_CORRECTION_SUPPRESSED,1000000000.000000,0.000000,0.000000,0.000000,0,pcl_gicp,1,merged_0707_0725_v1
210339_wrong_localization,1786796086.537679434,TRACKING,0,STATIONARY_CORRECTION_SUPPRESSED,1000000000.000000,0.000000,0.000000,0.000000,0,pcl_gicp,1,merged_0707_0725_v1
210339_wrong_localization,1786796087.638373137,TRACKING,0,STATIONARY_CORRECTION_SUPPRESSED,1000000000.000000,0.000000,0.000000,0.000000,0,pcl_gicp,1,merged_0707_0725_v1
210339_wrong_localization,1786796088.741526842,TRACKING,0,STATIONARY_CORRECTION_SUPPRESSED,1000000000.000000,0.000000,0.000000,0.000000,0,pcl_gicp,1,merged_0707_0725_v1
210339_wrong_localization,1786796089.739210367,TRACKING,0,STATIONARY_CORRECTION_SUPPRESSED,1000000000.000000,0.000000,0.000000,0.000000,0,pcl_gicp,1,merged_0707_0725_v1
210339_wrong_localization,1786796090.740211487,TRACKING,0,STATIONARY_CORRECTION_SUPPRESSED,1000000000.000000,0.000000,0.000000,0.000000,0,pcl_gicp,1,merged_0707_0725_v1
210339_wrong_localization,1786796091.838221073,TRACKING,0,STATIONARY_CORRECTION_SUPPRESSED,1000000000.000000,0.000000,0.000000,0.000000,0,pcl_gicp,1,merged_0707_0725_v1
210339_wrong_localization,1786796092.838059902,TRACKING,0,STATIONARY_CORRECTION_SUPPRESSED,1000000000.000000,0.000000,0.000000,0.000000,0,pcl_gicp,1,merged_0707_0725_v1
210339_wrong_localization,1786796093.940886736,TRACKING,0,STATIONARY_CORRECTION_SUPPRESSED,1000000000.000000,0.000000,0.000000,0.000000,0,pcl_gicp,1,merged_0707_0725_v1
210339_wrong_localization,1786796094.942092180,TRACKING,0,STATIONARY_CORRECTION_SUPPRESSED,1000000000.000000,0.000000,0.000000,0.000000,0,pcl_gicp,1,merged_0707_0725_v1
210339_wrong_localization,1786796096.038090706,TRACKING,0,STATIONARY_CORRECTION_SUPPRESSED,1000000000.000000,0.000000,0.000000,0.000000,0,pcl_gicp,1,merged_0707_0725_v1
210339_wrong_localization,1786796097.138619423,TRACKING,0,STATIONARY_CORRECTION_SUPPRESSED,1000000000.000000,0.000000,0.000000,0.000000,0,pcl_gicp,1,merged_0707_0725_v1
210339_wrong_localization,1786796098.242977142,TRACKING,0,STATIONARY_CORRECTION_SUPPRESSED,1000000000.000000,0.000000,0.000000,0.000000,0,pcl_gicp,1,merged_0707_0725_v1
210339_wrong_localization,1786796099.238234997,TRACKING,0,STATIONARY_CORRECTION_SUPPRESSED,1000000000.000000,0.000000,0.000000,0.000000,0,pcl_gicp,1,merged_0707_0725_v1
210339_wrong_localization,1786796100.339910030,TRACKING,0,STATIONARY_CORRECTION_SUPPRESSED,1000000000.000000,0.000000,0.000000,0.000000,0,pcl_gicp,1,merged_0707_0725_v1
210339_wrong_localization,1786796101.438822269,TRACKING,0,STATIONARY_CORRECTION_SUPPRESSED,1000000000.000000,0.000000,0.000000,0.000000,0,pcl_gicp,1,merged_0707_0725_v1
210339_wrong_localization,1786796102.541760445,TRACKING,0,STATIONARY_CORRECTION_SUPPRESSED,1000000000.000000,0.000000,0.000000,0.000000,0,pcl_gicp,1,merged_0707_0725_v1
210339_wrong_localization,1786796103.638338566,TRACKING,0,STATIONARY_CORRECTION_SUPPRESSED,1000000000.000000,0.000000,0.000000,0.000000,0,pcl_gicp,1,merged_0707_0725_v1
210339_wrong_localization,1786796104.741340399,TRACKING,0,STATIONARY_CORRECTION_SUPPRESSED,1000000000.000000,0.000000,0.000000,0.000000,0,pcl_gicp,1,merged_0707_0725_v1
210339_wrong_localization,1786796105.840694427,TRACKING,0,STATIONARY_CORRECTION_SUPPRESSED,1000000000.000000,0.000000,0.000000,0.000000,0,pcl_gicp,1,merged_0707_0725_v1
210339_wrong_localization,1786796106.837855101,TRACKING,0,STATIONARY_CORRECTION_SUPPRESSED,1000000000.000000,0.000000,0.000000,0.000000,0,pcl_gicp,1,merged_0707_0725_v1
210339_wrong_localization,1786796107.839698792,TRACKING,0,STATIONARY_CORRECTION_SUPPRESSED,1000000000.000000,0.000000,0.000000,0.000000,0,pcl_gicp,1,merged_0707_0725_v1
210339_wrong_localization,1786796108.937844038,TRACKING,0,STATIONARY_CORRECTION_SUPPRESSED,1000000000.000000,0.000000,0.000000,0.000000,0,pcl_gicp,1,merged_0707_0725_v1
210339_wrong_localization,1786796110.038569450,TRACKING,0,STATIONARY_CORRECTION_SUPPRESSED,1000000000.000000,0.000000,0.000000,0.000000,0,pcl_gicp,1,merged_0707_0725_v1
210339_wrong_localization,1786796111.038170099,TRACKING,0,STATIONARY_CORRECTION_SUPPRESSED,1000000000.000000,0.000000,0.000000,0.000000,0,pcl_gicp,1,merged_0707_0725_v1
210339_wrong_localization,1786796112.141694784,TRACKING,0,STATIONARY_CORRECTION_SUPPRESSED,1000000000.000000,0.000000,0.000000,0.000000,0,pcl_gicp,1,merged_0707_0725_v1
210339_wrong_localization,1786796113.243773222,TRACKING,0,STATIONARY_CORRECTION_SUPPRESSED,1000000000.000000,0.000000,0.000000,0.000000,0,pcl_gicp,1,merged_0707_0725_v1
210339_wrong_localization,1786796114.242881060,TRACKING,0,STATIONARY_CORRECTION_SUPPRESSED,1000000000.000000,0.000000,0.000000,0.000000,0,pcl_gicp,1,merged_0707_0725_v1
210339_wrong_localization,1786796115.241166592,TRACKING,0,STATIONARY_CORRECTION_SUPPRESSED,1000000000.000000,0.000000,0.000000,0.000000,0,pcl_gicp,1,merged_0707_0725_v1
210339_wrong_localization,1786796116.242232084,TRACKING,0,STATIONARY_CORRECTION_SUPPRESSED,1000000000.000000,0.000000,0.000000,0.000000,0,pcl_gicp,1,merged_0707_0725_v1
210339_wrong_localization,1786796117.340508699,TRACKING,0,STATIONARY_CORRECTION_SUPPRESSED,1000000000.000000,0.000000,0.000000,0.000000,0,pcl_gicp,1,merged_0707_0725_v1
210339_wrong_localization,1786796118.439244509,TRACKING,0,STATIONARY_CORRECTION_SUPPRESSED,1000000000.000000,0.000000,0.000000,0.000000,0,pcl_gicp,1,merged_0707_0725_v1
210339_wrong_localization,1786796119.439372063,TRACKING,0,STATIONARY_CORRECTION_SUPPRESSED,1000000000.000000,0.000000,0.000000,0.000000,0,pcl_gicp,1,merged_0707_0725_v1
210339_wrong_localization,1786796120.539199114,TRACKING,0,STATIONARY_CORRECTION_SUPPRESSED,1000000000.000000,0.000000,0.000000,0.000000,0,pcl_gicp,1,merged_0707_0725_v1
210339_wrong_localization,1786796121.540151358,TRACKING,0,STATIONARY_CORRECTION_SUPPRESSED,1000000000.000000,0.000000,0.000000,0.000000,0,pcl_gicp,1,merged_0707_0725_v1
210339_wrong_localization,1786796122.541658163,TRACKING,0,STATIONARY_CORRECTION_SUPPRESSED,1000000000.000000,0.000000,0.000000,0.000000,0,pcl_gicp,1,merged_0707_0725_v1
210339_wrong_localization,1786796123.639470100,TRACKING,0,STATIONARY_CORRECTION_SUPPRESSED,1000000000.000000,0.000000,0.000000,0.000000,0,pcl_gicp,1,merged_0707_0725_v1
210339_wrong_localization,1786796124.644857645,TRACKING,0,STATIONARY_CORRECTION_SUPPRESSED,1000000000.000000,0.000000,0.000000,0.000000,0,pcl_gicp,1,merged_0707_0725_v1
210339_wrong_localization,1786796125.743933201,TRACKING,0,STATIONARY_CORRECTION_SUPPRESSED,1000000000.000000,0.000000,0.000000,0.000000,0,pcl_gicp,1,merged_0707_0725_v1
210339_wrong_localization,1786796126.842448950,TRACKING,0,STATIONARY_CORRECTION_SUPPRESSED,1000000000.000000,0.000000,0.000000,0.000000,0,pcl_gicp,1,merged_0707_0725_v1
210339_wrong_localization,1786796127.841323853,TRACKING,0,STATIONARY_CORRECTION_SUPPRESSED,1000000000.000000,0.000000,0.000000,0.000000,0,pcl_gicp,1,merged_0707_0725_v1
210339_wrong_localization,1786796128.941103697,TRACKING,0,STATIONARY_CORRECTION_SUPPRESSED,1000000000.000000,0.000000,0.000000,0.000000,0,pcl_gicp,1,merged_0707_0725_v1
210339_wrong_localization,1786796129.939157248,TRACKING,0,STATIONARY_CORRECTION_SUPPRESSED,1000000000.000000,0.000000,0.000000,0.000000,0,pcl_gicp,1,merged_0707_0725_v1
210339_wrong_localization,1786796130.942093134,TRACKING,0,STATIONARY_CORRECTION_SUPPRESSED,1000000000.000000,0.000000,0.000000,0.000000,0,pcl_gicp,1,merged_0707_0725_v1
210339_wrong_localization,1786796132.040008545,TRACKING,0,STATIONARY_CORRECTION_SUPPRESSED,1000000000.000000,0.000000,0.000000,0.000000,0,pcl_gicp,1,merged_0707_0725_v1
210339_wrong_localization,1786796133.140511513,TRACKING,0,STATIONARY_CORRECTION_SUPPRESSED,1000000000.000000,0.000000,0.000000,0.000000,0,pcl_gicp,1,merged_0707_0725_v1
210339_wrong_localization,1786796134.240101814,TRACKING,0,STATIONARY_CORRECTION_SUPPRESSED,1000000000.000000,0.000000,0.000000,0.000000,0,pcl_gicp,1,merged_0707_0725_v1
210339_wrong_localization,1786796135.339981794,TRACKING,0,STATIONARY_CORRECTION_SUPPRESSED,1000000000.000000,0.000000,0.000000,0.000000,0,pcl_gicp,1,merged_0707_0725_v1
210339_wrong_localization,1786796136.439292669,TRACKING,0,STATIONARY_CORRECTION_SUPPRESSED,1000000000.000000,0.000000,0.000000,0.000000,0,pcl_gicp,1,merged_0707_0725_v1
210339_wrong_localization,1786796137.443410158,TRACKING,0,STATIONARY_CORRECTION_SUPPRESSED,1000000000.000000,0.000000,0.000000,0.000000,0,pcl_gicp,1,merged_0707_0725_v1
210339_wrong_localization,1786796138.539252520,TRACKING,0,STATIONARY_CORRECTION_SUPPRESSED,1000000000.000000,0.000000,0.000000,0.000000,0,pcl_gicp,1,merged_0707_0725_v1
210339_wrong_localization,1786796139.541625261,TRACKING,0,STATIONARY_CORRECTION_SUPPRESSED,1000000000.000000,0.000000,0.000000,0.000000,0,pcl_gicp,1,merged_0707_0725_v1
210339_wrong_localization,1786796140.642907381,TRACKING,0,STATIONARY_CORRECTION_SUPPRESSED,1000000000.000000,0.000000,0.000000,0.000000,0,pcl_gicp,1,merged_0707_0725_v1
210339_wrong_localization,1786796141.641328335,TRACKING,0,STATIONARY_CORRECTION_SUPPRESSED,1000000000.000000,0.000000,0.000000,0.000000,0,pcl_gicp,1,merged_0707_0725_v1
210339_wrong_localization,1786796142.640371561,TRACKING,0,STATIONARY_CORRECTION_SUPPRESSED,1000000000.000000,0.000000,0.000000,0.000000,0,pcl_gicp,1,merged_0707_0725_v1
210339_wrong_localization,1786796143.742362022,TRACKING,0,STATIONARY_CORRECTION_SUPPRESSED,1000000000.000000,0.000000,0.000000,0.000000,0,pcl_gicp,1,merged_0707_0725_v1
210339_wrong_localization,1786796144.841899395,TRACKING,0,STATIONARY_CORRECTION_SUPPRESSED,1000000000.000000,0.000000,0.000000,0.000000,0,pcl_gicp,1,merged_0707_0725_v1
210339_wrong_localization,1786796145.842430830,TRACKING,0,STATIONARY_CORRECTION_SUPPRESSED,1000000000.000000,0.000000,0.000000,0.000000,0,pcl_gicp,1,merged_0707_0725_v1
210339_wrong_localization,1786796146.939749002,TRACKING,0,STATIONARY_CORRECTION_SUPPRESSED,1000000000.000000,0.000000,0.000000,0.000000,0,pcl_gicp,1,merged_0707_0725_v1
210339_wrong_localization,1786796147.944980621,TRACKING,0,STATIONARY_CORRECTION_SUPPRESSED,1000000000.000000,0.000000,0.000000,0.000000,0,pcl_gicp,1,merged_0707_0725_v1
210339_wrong_localization,1786796149.037348509,TRACKING,0,STATIONARY_CORRECTION_SUPPRESSED,1000000000.000000,0.000000,0.000000,0.000000,0,pcl_gicp,1,merged_0707_0725_v1
210339_wrong_localization,1786796150.039705276,TRACKING,0,STATIONARY_CORRECTION_SUPPRESSED,1000000000.000000,0.000000,0.000000,0.000000,0,pcl_gicp,1,merged_0707_0725_v1
210339_wrong_localization,1786796151.042501688,TRACKING,0,STATIONARY_CORRECTION_SUPPRESSED,1000000000.000000,0.000000,0.000000,0.000000,0,pcl_gicp,1,merged_0707_0725_v1
210339_wrong_localization,1786796152.044764280,TRACKING,0,STATIONARY_CORRECTION_SUPPRESSED,1000000000.000000,0.000000,0.000000,0.000000,0,pcl_gicp,1,merged_0707_0725_v1
210339_wrong_localization,1786796153.142591238,TRACKING,0,STATIONARY_CORRECTION_SUPPRESSED,1000000000.000000,0.000000,0.000000,0.000000,0,pcl_gicp,1,merged_0707_0725_v1
210339_wrong_localization,1786796154.140962601,TRACKING,0,STATIONARY_CORRECTION_SUPPRESSED,1000000000.000000,0.000000,0.000000,0.000000,0,pcl_gicp,1,merged_0707_0725_v1
210339_wrong_localization,1786796155.241487980,TRACKING,0,STATIONARY_CORRECTION_SUPPRESSED,1000000000.000000,0.000000,0.000000,0.000000,0,pcl_gicp,1,merged_0707_0725_v1
210339_wrong_localization,1786796156.343273163,TRACKING,0,STATIONARY_CORRECTION_SUPPRESSED,1000000000.000000,0.000000,0.000000,0.000000,0,pcl_gicp,1,merged_0707_0725_v1
210339_wrong_localization,1786796157.441068172,TRACKING,0,STATIONARY_CORRECTION_SUPPRESSED,1000000000.000000,0.000000,0.000000,0.000000,0,pcl_gicp,1,merged_0707_0725_v1
210339_wrong_localization,1786796158.544417381,TRACKING,0,STATIONARY_CORRECTION_SUPPRESSED,1000000000.000000,0.000000,0.000000,0.000000,0,pcl_gicp,1,merged_0707_0725_v1
210339_wrong_localization,1786796159.642258644,TRACKING,0,STATIONARY_CORRECTION_SUPPRESSED,1000000000.000000,0.000000,0.000000,0.000000,0,pcl_gicp,1,merged_0707_0725_v1
210339_wrong_localization,1786796160.644503117,TRACKING,0,STATIONARY_CORRECTION_SUPPRESSED,1000000000.000000,0.000000,0.000000,0.000000,0,pcl_gicp,1,merged_0707_0725_v1
210339_wrong_localization,1786796161.641429424,TRACKING,0,STATIONARY_CORRECTION_SUPPRESSED,1000000000.000000,0.000000,0.000000,0.000000,0,pcl_gicp,1,merged_0707_0725_v1
210339_wrong_localization,1786796162.742817879,TRACKING,0,STATIONARY_CORRECTION_SUPPRESSED,1000000000.000000,0.000000,0.000000,0.000000,0,pcl_gicp,1,merged_0707_0725_v1
210339_wrong_localization,1786796163.742434025,TRACKING,0,STATIONARY_CORRECTION_SUPPRESSED,1000000000.000000,0.000000,0.000000,0.000000,0,pcl_gicp,1,merged_0707_0725_v1
210339_wrong_localization,1786796164.843657255,TRACKING,0,STATIONARY_CORRECTION_SUPPRESSED,1000000000.000000,0.000000,0.000000,0.000000,0,pcl_gicp,1,merged_0707_0725_v1
210339_wrong_localization,1786796165.941491365,TRACKING,0,STATIONARY_CORRECTION_SUPPRESSED,1000000000.000000,0.000000,0.000000,0.000000,0,pcl_gicp,1,merged_0707_0725_v1
210339_wrong_localization,1786796167.044707060,TRACKING,0,STATIONARY_CORRECTION_SUPPRESSED,1000000000.000000,0.000000,0.000000,0.000000,0,pcl_gicp,1,merged_0707_0725_v1
210339_wrong_localization,1786796168.041980267,TRACKING,0,STATIONARY_CORRECTION_SUPPRESSED,1000000000.000000,0.000000,0.000000,0.000000,0,pcl_gicp,1,merged_0707_0725_v1
210339_wrong_localization,1786796169.141217232,TRACKING,0,STATIONARY_CORRECTION_SUPPRESSED,1000000000.000000,0.000000,0.000000,0.000000,0,pcl_gicp,1,merged_0707_0725_v1
210339_wrong_localization,1786796170.144446611,TRACKING,0,STATIONARY_CORRECTION_SUPPRESSED,1000000000.000000,0.000000,0.000000,0.000000,0,pcl_gicp,1,merged_0707_0725_v1
210339_wrong_localization,1786796171.246005774,TRACKING,0,STATIONARY_CORRECTION_SUPPRESSED,1000000000.000000,0.000000,0.000000,0.000000,0,pcl_gicp,1,merged_0707_0725_v1
210339_wrong_localization,1786796172.343524456,TRACKING,0,STATIONARY_CORRECTION_SUPPRESSED,1000000000.000000,0.000000,0.000000,0.000000,0,pcl_gicp,1,merged_0707_0725_v1
210339_wrong_localization,1786796173.343984127,TRACKING,0,STATIONARY_CORRECTION_SUPPRESSED,1000000000.000000,0.000000,0.000000,0.000000,0,pcl_gicp,1,merged_0707_0725_v1
210339_wrong_localization,1786796174.444537640,TRACKING,0,STATIONARY_CORRECTION_SUPPRESSED,1000000000.000000,0.000000,0.000000,0.000000,0,pcl_gicp,1,merged_0707_0725_v1
210339_wrong_localization,1786796175.445172787,TRACKING,0,STATIONARY_CORRECTION_SUPPRESSED,1000000000.000000,0.000000,0.000000,0.000000,0,pcl_gicp,1,merged_0707_0725_v1
210339_wrong_localization,1786796176.545111656,TRACKING,0,STATIONARY_CORRECTION_SUPPRESSED,1000000000.000000,0.000000,0.000000,0.000000,0,pcl_gicp,1,merged_0707_0725_v1
210339_wrong_localization,1786796177.645528078,TRACKING,0,STATIONARY_CORRECTION_SUPPRESSED,1000000000.000000,0.000000,0.000000,0.000000,0,pcl_gicp,1,merged_0707_0725_v1
210339_wrong_localization,1786796178.736205339,TRACKING,0,STATIONARY_CORRECTION_SUPPRESSED,1000000000.000000,0.000000,0.000000,0.000000,0,pcl_gicp,1,merged_0707_0725_v1
210339_wrong_localization,1786796179.743448257,TRACKING,0,STATIONARY_CORRECTION_SUPPRESSED,1000000000.000000,0.000000,0.000000,0.000000,0,pcl_gicp,1,merged_0707_0725_v1
210339_wrong_localization,1786796180.746577263,TRACKING,0,STATIONARY_CORRECTION_SUPPRESSED,1000000000.000000,0.000000,0.000000,0.000000,0,pcl_gicp,1,merged_0707_0725_v1
210339_wrong_localization,1786796181.839818954,TRACKING,0,STATIONARY_CORRECTION_SUPPRESSED,1000000000.000000,0.000000,0.000000,0.000000,0,pcl_gicp,1,merged_0707_0725_v1
210339_wrong_localization,1786796182.945264339,TRACKING,0,STATIONARY_CORRECTION_SUPPRESSED,1000000000.000000,0.000000,0.000000,0.000000,0,pcl_gicp,1,merged_0707_0725_v1
210339_wrong_localization,1786796183.942430019,TRACKING,0,STATIONARY_CORRECTION_SUPPRESSED,1000000000.000000,0.000000,0.000000,0.000000,0,pcl_gicp,1,merged_0707_0725_v1
210339_wrong_localization,1786796185.044846296,TRACKING,0,STATIONARY_CORRECTION_SUPPRESSED,1000000000.000000,0.000000,0.000000,0.000000,0,pcl_gicp,1,merged_0707_0725_v1
210339_wrong_localization,1786796186.045855999,TRACKING,0,STATIONARY_CORRECTION_SUPPRESSED,1000000000.000000,0.000000,0.000000,0.000000,0,pcl_gicp,1,merged_0707_0725_v1
210339_wrong_localization,1786796187.137943745,TRACKING,0,STATIONARY_CORRECTION_SUPPRESSED,1000000000.000000,0.000000,0.000000,0.000000,0,pcl_gicp,1,merged_0707_0725_v1
210339_wrong_localization,1786796188.143378019,TRACKING,0,STATIONARY_CORRECTION_SUPPRESSED,1000000000.000000,0.000000,0.000000,0.000000,0,pcl_gicp,1,merged_0707_0725_v1
210339_wrong_localization,1786796189.244958401,TRACKING,0,STATIONARY_CORRECTION_SUPPRESSED,1000000000.000000,0.000000,0.000000,0.000000,0,pcl_gicp,1,merged_0707_0725_v1
210339_wrong_localization,1786796190.336908817,TRACKING,0,STATIONARY_CORRECTION_SUPPRESSED,1000000000.000000,0.000000,0.000000,0.000000,0,pcl_gicp,1,merged_0707_0725_v1
210339_wrong_localization,1786796191.336311340,TRACKING,0,STATIONARY_CORRECTION_SUPPRESSED,1000000000.000000,0.000000,0.000000,0.000000,0,pcl_gicp,1,merged_0707_0725_v1
210339_wrong_localization,1786796192.438266039,TRACKING,0,STATIONARY_CORRECTION_SUPPRESSED,1000000000.000000,0.000000,0.000000,0.000000,0,pcl_gicp,1,merged_0707_0725_v1
210339_wrong_localization,1786796193.538008928,TRACKING,0,STATIONARY_CORRECTION_SUPPRESSED,1000000000.000000,0.000000,0.000000,0.000000,0,pcl_gicp,1,merged_0707_0725_v1
210339_wrong_localization,1786796194.637618542,TRACKING,0,STATIONARY_CORRECTION_SUPPRESSED,1000000000.000000,0.000000,0.000000,0.000000,0,pcl_gicp,1,merged_0707_0725_v1
210339_wrong_localization,1786796195.640134573,TRACKING,0,STATIONARY_CORRECTION_SUPPRESSED,1000000000.000000,0.000000,0.000000,0.000000,0,pcl_gicp,1,merged_0707_0725_v1
210339_wrong_localization,1786796196.737342119,TRACKING,0,STATIONARY_CORRECTION_SUPPRESSED,1000000000.000000,0.000000,0.000000,0.000000,0,pcl_gicp,1,merged_0707_0725_v1
210339_wrong_localization,1786796197.738353014,TRACKING,0,STATIONARY_CORRECTION_SUPPRESSED,1000000000.000000,0.000000,0.000000,0.000000,0,pcl_gicp,1,merged_0707_0725_v1
210339_wrong_localization,1786796198.739318371,TRACKING,0,STATIONARY_CORRECTION_SUPPRESSED,1000000000.000000,0.000000,0.000000,0.000000,0,pcl_gicp,1,merged_0707_0725_v1
210339_wrong_localization,1786796199.738000393,TRACKING,0,STATIONARY_CORRECTION_SUPPRESSED,1000000000.000000,0.000000,0.000000,0.000000,0,pcl_gicp,1,merged_0707_0725_v1
210339_wrong_localization,1786796200.837455988,TRACKING,0,STATIONARY_CORRECTION_SUPPRESSED,1000000000.000000,0.000000,0.000000,0.000000,0,pcl_gicp,1,merged_0707_0725_v1
210339_wrong_localization,1786796201.938427210,TRACKING,0,STATIONARY_CORRECTION_SUPPRESSED,1000000000.000000,0.000000,0.000000,0.000000,0,pcl_gicp,1,merged_0707_0725_v1
210339_wrong_localization,1786796203.036872864,TRACKING,0,STATIONARY_CORRECTION_SUPPRESSED,1000000000.000000,0.000000,0.000000,0.000000,0,pcl_gicp,1,merged_0707_0725_v1
210339_wrong_localization,1786796204.138553858,TRACKING,0,STATIONARY_CORRECTION_SUPPRESSED,1000000000.000000,0.000000,0.000000,0.000000,0,pcl_gicp,1,merged_0707_0725_v1
212633_wp0_relocalization,1786796794.265764713,TRACKING,0,STATIONARY_CORRECTION_SUPPRESSED,1000000000.000000,0.000000,0.000000,0.000000,0,pcl_gicp,1,merged_0707_0725_v1
212633_wp0_relocalization,1786796795.111968279,TRACKING,0,STATIONARY_CORRECTION_SUPPRESSED,1000000000.000000,0.000000,0.000000,0.000000,0,pcl_gicp,1,merged_0707_0725_v1
212633_wp0_relocalization,1786796796.110417843,TRACKING,0,STATIONARY_CORRECTION_SUPPRESSED,1000000000.000000,0.000000,0.000000,0.000000,0,pcl_gicp,1,merged_0707_0725_v1
212633_wp0_relocalization,1786796797.210571289,TRACKING,0,STATIONARY_CORRECTION_SUPPRESSED,1000000000.000000,0.000000,0.000000,0.000000,0,pcl_gicp,1,merged_0707_0725_v1
212633_wp0_relocalization,1786796798.309837341,TRACKING,0,STATIONARY_CORRECTION_SUPPRESSED,1000000000.000000,0.000000,0.000000,0.000000,0,pcl_gicp,1,merged_0707_0725_v1
212633_wp0_relocalization,1786796799.310082674,TRACKING,0,STATIONARY_CORRECTION_SUPPRESSED,1000000000.000000,0.000000,0.000000,0.000000,0,pcl_gicp,1,merged_0707_0725_v1
212633_wp0_relocalization,1786796800.411158562,TRACKING,0,STATIONARY_CORRECTION_SUPPRESSED,1000000000.000000,0.000000,0.000000,0.000000,0,pcl_gicp,1,merged_0707_0725_v1
212633_wp0_relocalization,1786796801.411800861,TRACKING,0,STATIONARY_CORRECTION_SUPPRESSED,1000000000.000000,0.000000,0.000000,0.000000,0,pcl_gicp,1,merged_0707_0725_v1
212633_wp0_relocalization,1786796802.512188911,TRACKING,0,STATIONARY_CORRECTION_SUPPRESSED,1000000000.000000,0.000000,0.000000,0.000000,0,pcl_gicp,1,merged_0707_0725_v1
212633_wp0_relocalization,1786796803.509907961,TRACKING,0,STATIONARY_CORRECTION_SUPPRESSED,1000000000.000000,0.000000,0.000000,0.000000,0,pcl_gicp,1,merged_0707_0725_v1
212633_wp0_relocalization,1786796804.608739614,TRACKING,0,STATIONARY_CORRECTION_SUPPRESSED,1000000000.000000,0.000000,0.000000,0.000000,0,pcl_gicp,1,merged_0707_0725_v1
212633_wp0_relocalization,1786796805.606978893,TRACKING,0,STATIONARY_CORRECTION_SUPPRESSED,1000000000.000000,0.000000,0.000000,0.000000,0,pcl_gicp,1,merged_0707_0725_v1
212633_wp0_relocalization,1786796806.706016064,TRACKING,0,STATIONARY_CORRECTION_SUPPRESSED,1000000000.000000,0.000000,0.000000,0.000000,0,pcl_gicp,1,merged_0707_0725_v1
212633_wp0_relocalization,1786796807.708130836,TRACKING,0,STATIONARY_CORRECTION_SUPPRESSED,1000000000.000000,0.000000,0.000000,0.000000,0,pcl_gicp,1,merged_0707_0725_v1
212633_wp0_relocalization,1786796808.807408333,TRACKING,0,STATIONARY_CORRECTION_SUPPRESSED,1000000000.000000,0.000000,0.000000,0.000000,0,pcl_gicp,1,merged_0707_0725_v1
212633_wp0_relocalization,1786796809.806305170,TRACKING,0,STATIONARY_CORRECTION_SUPPRESSED,1000000000.000000,0.000000,0.000000,0.000000,0,pcl_gicp,1,merged_0707_0725_v1
212633_wp0_relocalization,1786796810.913050652,TRACKING,0,STATIONARY_CORRECTION_SUPPRESSED,1000000000.000000,0.000000,0.000000,0.000000,0,pcl_gicp,1,merged_0707_0725_v1
212633_wp0_relocalization,1786796812.006220102,TRACKING,0,STATIONARY_CORRECTION_SUPPRESSED,1000000000.000000,0.000000,0.000000,0.000000,0,pcl_gicp,1,merged_0707_0725_v1
212633_wp0_relocalization,1786796813.009036303,TRACKING,0,STATIONARY_CORRECTION_SUPPRESSED,1000000000.000000,0.000000,0.000000,0.000000,0,pcl_gicp,1,merged_0707_0725_v1
212633_wp0_relocalization,1786796814.011396646,TRACKING,0,STATIONARY_CORRECTION_SUPPRESSED,1000000000.000000,0.000000,0.000000,0.000000,0,pcl_gicp,1,merged_0707_0725_v1
212633_wp0_relocalization,1786796815.106495142,TRACKING,0,STATIONARY_CORRECTION_SUPPRESSED,1000000000.000000,0.000000,0.000000,0.000000,0,pcl_gicp,1,merged_0707_0725_v1
212633_wp0_relocalization,1786796816.107333899,TRACKING,0,STATIONARY_CORRECTION_SUPPRESSED,1000000000.000000,0.000000,0.000000,0.000000,0,pcl_gicp,1,merged_0707_0725_v1
212633_wp0_relocalization,1786796817.206164837,TRACKING,0,STATIONARY_CORRECTION_SUPPRESSED,1000000000.000000,0.000000,0.000000,0.000000,0,pcl_gicp,1,merged_0707_0725_v1
212633_wp0_relocalization,1786796818.208633900,TRACKING,0,STATIONARY_CORRECTION_SUPPRESSED,1000000000.000000,0.000000,0.000000,0.000000,0,pcl_gicp,1,merged_0707_0725_v1
212633_wp0_relocalization,1786796819.308550596,TRACKING,0,STATIONARY_CORRECTION_SUPPRESSED,1000000000.000000,0.000000,0.000000,0.000000,0,pcl_gicp,1,merged_0707_0725_v1
212633_wp0_relocalization,1786796820.307220697,TRACKING,0,STATIONARY_CORRECTION_SUPPRESSED,1000000000.000000,0.000000,0.000000,0.000000,0,pcl_gicp,1,merged_0707_0725_v1
212633_wp0_relocalization,1786796821.306441545,TRACKING,0,STATIONARY_CORRECTION_SUPPRESSED,1000000000.000000,0.000000,0.000000,0.000000,0,pcl_gicp,1,merged_0707_0725_v1
212633_wp0_relocalization,1786796822.406454563,TRACKING,0,STATIONARY_CORRECTION_SUPPRESSED,1000000000.000000,0.000000,0.000000,0.000000,0,pcl_gicp,1,merged_0707_0725_v1
212633_wp0_relocalization,1786796823.512397528,TRACKING,0,STATIONARY_CORRECTION_SUPPRESSED,1000000000.000000,0.000000,0.000000,0.000000,0,pcl_gicp,1,merged_0707_0725_v1
212633_wp0_relocalization,1786796824.609642744,TRACKING,0,STATIONARY_CORRECTION_SUPPRESSED,1000000000.000000,0.000000,0.000000,0.000000,0,pcl_gicp,1,merged_0707_0725_v1
212633_wp0_relocalization,1786796825.709440708,TRACKING,0,STATIONARY_CORRECTION_SUPPRESSED,1000000000.000000,0.000000,0.000000,0.000000,0,pcl_gicp,1,merged_0707_0725_v1
212633_wp0_relocalization,1786796826.708865643,TRACKING,0,STATIONARY_CORRECTION_SUPPRESSED,1000000000.000000,0.000000,0.000000,0.000000,0,pcl_gicp,1,merged_0707_0725_v1
212633_wp0_relocalization,1786796827.808194160,TRACKING,0,STATIONARY_CORRECTION_SUPPRESSED,1000000000.000000,0.000000,0.000000,0.000000,0,pcl_gicp,1,merged_0707_0725_v1
212633_wp0_relocalization,1786796828.908416986,TRACKING,0,STATIONARY_CORRECTION_SUPPRESSED,1000000000.000000,0.000000,0.000000,0.000000,0,pcl_gicp,1,merged_0707_0725_v1
212633_wp0_relocalization,1786796829.907277107,TRACKING,0,STATIONARY_CORRECTION_SUPPRESSED,1000000000.000000,0.000000,0.000000,0.000000,0,pcl_gicp,1,merged_0707_0725_v1
212633_wp0_relocalization,1786796831.007718563,TRACKING,0,STATIONARY_CORRECTION_SUPPRESSED,1000000000.000000,0.000000,0.000000,0.000000,0,pcl_gicp,1,merged_0707_0725_v1
212633_wp0_relocalization,1786796832.006127834,TRACKING,0,STATIONARY_CORRECTION_SUPPRESSED,1000000000.000000,0.000000,0.000000,0.000000,0,pcl_gicp,1,merged_0707_0725_v1
212633_wp0_relocalization,1786796833.009615421,TRACKING,0,STATIONARY_CORRECTION_SUPPRESSED,1000000000.000000,0.000000,0.000000,0.000000,0,pcl_gicp,1,merged_0707_0725_v1
212633_wp0_relocalization,1786796834.110177517,TRACKING,0,STATIONARY_CORRECTION_SUPPRESSED,1000000000.000000,0.000000,0.000000,0.000000,0,pcl_gicp,1,merged_0707_0725_v1
212633_wp0_relocalization,1786796835.208503246,TRACKING,0,STATIONARY_CORRECTION_SUPPRESSED,1000000000.000000,0.000000,0.000000,0.000000,0,pcl_gicp,1,merged_0707_0725_v1
212633_wp0_relocalization,1786796836.309437513,TRACKING,0,STATIONARY_CORRECTION_SUPPRESSED,1000000000.000000,0.000000,0.000000,0.000000,0,pcl_gicp,1,merged_0707_0725_v1
212633_wp0_relocalization,1786796837.309111357,TRACKING,0,STATIONARY_CORRECTION_SUPPRESSED,1000000000.000000,0.000000,0.000000,0.000000,0,pcl_gicp,1,merged_0707_0725_v1
212633_wp0_relocalization,1786796838.405850172,TRACKING,0,STATIONARY_CORRECTION_SUPPRESSED,1000000000.000000,0.000000,0.000000,0.000000,0,pcl_gicp,1,merged_0707_0725_v1
212633_wp0_relocalization,1786796839.506014109,TRACKING,0,STATIONARY_CORRECTION_SUPPRESSED,1000000000.000000,0.000000,0.000000,0.000000,0,pcl_gicp,1,merged_0707_0725_v1
212633_wp0_relocalization,1786796840.507789373,TRACKING,0,STATIONARY_CORRECTION_SUPPRESSED,1000000000.000000,0.000000,0.000000,0.000000,0,pcl_gicp,1,merged_0707_0725_v1
212633_wp0_relocalization,1786796841.512589931,TRACKING,0,STATIONARY_CORRECTION_SUPPRESSED,1000000000.000000,0.000000,0.000000,0.000000,0,pcl_gicp,1,merged_0707_0725_v1
212633_wp0_relocalization,1786796842.611519575,TRACKING,0,STATIONARY_CORRECTION_SUPPRESSED,1000000000.000000,0.000000,0.000000,0.000000,0,pcl_gicp,1,merged_0707_0725_v1
212633_wp0_relocalization,1786796843.707596540,TRACKING,0,STATIONARY_CORRECTION_SUPPRESSED,1000000000.000000,0.000000,0.000000,0.000000,0,pcl_gicp,1,merged_0707_0725_v1
212633_wp0_relocalization,1786796844.710555792,TRACKING,0,STATIONARY_CORRECTION_SUPPRESSED,1000000000.000000,0.000000,0.000000,0.000000,0,pcl_gicp,1,merged_0707_0725_v1
212633_wp0_relocalization,1786796845.710202694,TRACKING,0,STATIONARY_CORRECTION_SUPPRESSED,1000000000.000000,0.000000,0.000000,0.000000,0,pcl_gicp,1,merged_0707_0725_v1
212633_wp0_relocalization,1786796846.708531618,TRACKING,0,STATIONARY_CORRECTION_SUPPRESSED,1000000000.000000,0.000000,0.000000,0.000000,0,pcl_gicp,1,merged_0707_0725_v1
212633_wp0_relocalization,1786796847.810040474,TRACKING,0,STATIONARY_CORRECTION_SUPPRESSED,1000000000.000000,0.000000,0.000000,0.000000,0,pcl_gicp,1,merged_0707_0725_v1
212633_wp0_relocalization,1786796848.907910585,TRACKING,0,STATIONARY_CORRECTION_SUPPRESSED,1000000000.000000,0.000000,0.000000,0.000000,0,pcl_gicp,1,merged_0707_0725_v1
212633_wp0_relocalization,1786796850.007287264,TRACKING,0,STATIONARY_CORRECTION_SUPPRESSED,1000000000.000000,0.000000,0.000000,0.000000,0,pcl_gicp,1,merged_0707_0725_v1
212633_wp0_relocalization,1786796851.241623640,TRACKING,0,OK,0.017065,1.000000,0.045009,0.001507,0,fast_vgicp_cuda,1,merged_0707_0725_v1
212633_wp0_relocalization,1786796852.006659985,TRACKING,0,STATIONARY_CORRECTION_SUPPRESSED,1000000000.000000,0.000000,0.000000,0.000000,0,pcl_gicp,1,merged_0707_0725_v1
212633_wp0_relocalization,1786796853.108899355,TRACKING,0,STATIONARY_CORRECTION_SUPPRESSED,1000000000.000000,0.000000,0.000000,0.000000,0,pcl_gicp,1,merged_0707_0725_v1
212633_wp0_relocalization,1786796854.413944960,TRACKING,0,OK,0.015121,1.000000,0.033248,0.000755,0,fast_vgicp_cuda,1,merged_0707_0725_v1
212633_wp0_relocalization,1786796855.427858829,TRACKING,0,OK,0.015179,1.000000,0.016347,0.001500,0,fast_vgicp_cuda,1,merged_0707_0725_v1
212633_wp0_relocalization,1786796856.426386118,TRACKING,0,OK,0.015583,1.000000,0.014011,0.000083,0,fast_vgicp_cuda,1,merged_0707_0725_v1
212633_wp0_relocalization,1786796857.432154655,TRACKING,0,OK,0.015227,1.000000,0.023288,0.001590,0,fast_vgicp_cuda,1,merged_0707_0725_v1
212633_wp0_relocalization,1786796858.419345617,TRACKING,0,OK,0.015188,1.000000,0.008630,0.000513,0,fast_vgicp_cuda,1,merged_0707_0725_v1
212633_wp0_relocalization,1786796859.538647890,TRACKING,0,OK,0.015980,1.000000,0.019027,0.001647,0,fast_vgicp_cuda,1,merged_0707_0725_v1
212633_wp0_relocalization,1786796860.622215509,TRACKING,0,OK,0.016758,1.000000,0.015243,0.000176,0,fast_vgicp_cuda,1,merged_0707_0725_v1
212633_wp0_relocalization,1786796861.721566916,TRACKING,0,OK,0.018475,1.000000,0.020239,0.000963,0,fast_vgicp_cuda,1,merged_0707_0725_v1
212633_wp0_relocalization,1786796862.717620611,TRACKING,0,OK,0.019081,0.999735,0.037566,0.000699,0,fast_vgicp_cuda,1,merged_0707_0725_v1
212633_wp0_relocalization,1786796863.835666895,TRACKING,0,OK,0.019962,0.999569,0.032011,0.001755,0,fast_vgicp_cuda,1,merged_0707_0725_v1
212633_wp0_relocalization,1786796864.919670820,TRACKING,0,OK,0.019569,0.999327,0.004299,0.001104,0,fast_vgicp_cuda,1,merged_0707_0725_v1
212633_wp0_relocalization,1786796865.916960001,TRACKING,0,OK,0.018049,0.999755,0.008378,0.000281,0,fast_vgicp_cuda,1,merged_0707_0725_v1
212633_wp0_relocalization,1786796867.012880087,TRACKING,0,OK,0.017277,0.999914,0.032182,0.001123,0,fast_vgicp_cuda,1,merged_0707_0725_v1
212633_wp0_relocalization,1786796868.123414755,TRACKING,0,OK,0.017804,0.999092,0.038325,0.002116,0,fast_vgicp_cuda,1,merged_0707_0725_v1
212633_wp0_relocalization,1786796869.110340118,TRACKING,0,OK,0.018248,0.997709,0.003377,0.000412,0,fast_vgicp_cuda,1,merged_0707_0725_v1
212633_wp0_relocalization,1786796870.122509956,TRACKING,0,OK,0.018498,0.996297,0.002107,0.000634,0,fast_vgicp_cuda,1,merged_0707_0725_v1
212633_wp0_relocalization,1786796871.210914850,TRACKING,0,OK,0.017977,0.996063,0.011383,0.000139,0,fast_vgicp_cuda,1,merged_0707_0725_v1
212633_wp0_relocalization,1786796872.331994295,TRACKING,0,OK,0.017804,0.995445,0.018245,0.002060,0,fast_vgicp_cuda,1,merged_0707_0725_v1
212633_wp0_relocalization,1786796873.322066545,TRACKING,0,OK,0.016735,0.995468,0.007913,0.000487,0,fast_vgicp_cuda,1,merged_0707_0725_v1
212633_wp0_relocalization,1786796874.422951460,TRACKING,0,OK,0.015522,0.995250,0.009807,0.001605,0,fast_vgicp_cuda,1,merged_0707_0725_v1
212633_wp0_relocalization,1786796875.312784672,TRACKING,0,STATIONARY_CORRECTION_SUPPRESSED,1000000000.000000,0.000000,0.000000,0.000000,0,pcl_gicp,1,merged_0707_0725_v1
212633_wp0_relocalization,1786796876.593511343,TRACKING,0,OK,0.013623,0.993314,0.012366,0.001157,0,fast_vgicp_cuda,1,merged_0707_0725_v1
212633_wp0_relocalization,1786796877.699373484,TRACKING,0,OK,0.012828,0.993676,0.007027,0.002679,0,fast_vgicp_cuda,1,merged_0707_0725_v1
212633_wp0_relocalization,1786796878.697215796,TRACKING,0,OK,0.013555,0.993021,0.026448,0.004581,0,fast_vgicp_cuda,1,merged_0707_0725_v1
212633_wp0_relocalization,1786796879.511194468,TRACKING,0,STATIONARY_CORRECTION_SUPPRESSED,1000000000.000000,0.000000,0.000000,0.000000,0,pcl_gicp,1,merged_0707_0725_v1
212633_wp0_relocalization,1786796880.610699177,TRACKING,0,STATIONARY_CORRECTION_SUPPRESSED,1000000000.000000,0.000000,0.000000,0.000000,0,pcl_gicp,1,merged_0707_0725_v1
212633_wp0_relocalization,1786796881.711633921,TRACKING,0,STATIONARY_CORRECTION_SUPPRESSED,1000000000.000000,0.000000,0.000000,0.000000,0,pcl_gicp,1,merged_0707_0725_v1
212633_wp0_relocalization,1786796882.811275482,TRACKING,0,STATIONARY_CORRECTION_SUPPRESSED,1000000000.000000,0.000000,0.000000,0.000000,0,pcl_gicp,1,merged_0707_0725_v1
212633_wp0_relocalization,1786796883.911829233,TRACKING,0,STATIONARY_CORRECTION_SUPPRESSED,1000000000.000000,0.000000,0.000000,0.000000,0,pcl_gicp,1,merged_0707_0725_v1
212633_wp0_relocalization,1786796885.012448549,TRACKING,0,STATIONARY_CORRECTION_SUPPRESSED,1000000000.000000,0.000000,0.000000,0.000000,0,pcl_gicp,1,merged_0707_0725_v1
212633_wp0_relocalization,1786796886.010692358,TRACKING,0,STATIONARY_CORRECTION_SUPPRESSED,1000000000.000000,0.000000,0.000000,0.000000,0,pcl_gicp,1,merged_0707_0725_v1
212633_wp0_relocalization,1786796887.009722948,TRACKING,0,STATIONARY_CORRECTION_SUPPRESSED,1000000000.000000,0.000000,0.000000,0.000000,0,pcl_gicp,1,merged_0707_0725_v1
212633_wp0_relocalization,1786796888.110108376,TRACKING,0,STATIONARY_CORRECTION_SUPPRESSED,1000000000.000000,0.000000,0.000000,0.000000,0,pcl_gicp,1,merged_0707_0725_v1
212633_wp0_relocalization,1786796889.211793423,TRACKING,0,STATIONARY_CORRECTION_SUPPRESSED,1000000000.000000,0.000000,0.000000,0.000000,0,pcl_gicp,1,merged_0707_0725_v1
212633_wp0_relocalization,1786796890.209148169,TRACKING,0,STATIONARY_CORRECTION_SUPPRESSED,1000000000.000000,0.000000,0.000000,0.000000,0,pcl_gicp,1,merged_0707_0725_v1
212633_wp0_relocalization,1786796891.310949087,TRACKING,0,STATIONARY_CORRECTION_SUPPRESSED,1000000000.000000,0.000000,0.000000,0.000000,0,pcl_gicp,1,merged_0707_0725_v1
212633_wp0_relocalization,1786796892.409721136,TRACKING,0,STATIONARY_CORRECTION_SUPPRESSED,1000000000.000000,0.000000,0.000000,0.000000,0,pcl_gicp,1,merged_0707_0725_v1
212633_wp0_relocalization,1786796893.508480549,TRACKING,0,STATIONARY_CORRECTION_SUPPRESSED,1000000000.000000,0.000000,0.000000,0.000000,0,pcl_gicp,1,merged_0707_0725_v1
212633_wp0_relocalization,1786796894.608725309,TRACKING,0,STATIONARY_CORRECTION_SUPPRESSED,1000000000.000000,0.000000,0.000000,0.000000,0,pcl_gicp,1,merged_0707_0725_v1
212633_wp0_relocalization,1786796895.709514618,TRACKING,0,STATIONARY_CORRECTION_SUPPRESSED,1000000000.000000,0.000000,0.000000,0.000000,0,pcl_gicp,1,merged_0707_0725_v1
212633_wp0_relocalization,1786796896.708876371,TRACKING,0,STATIONARY_CORRECTION_SUPPRESSED,1000000000.000000,0.000000,0.000000,0.000000,0,pcl_gicp,1,merged_0707_0725_v1
212633_wp0_relocalization,1786796897.808646441,TRACKING,0,STATIONARY_CORRECTION_SUPPRESSED,1000000000.000000,0.000000,0.000000,0.000000,0,pcl_gicp,1,merged_0707_0725_v1
212633_wp0_relocalization,1786796898.909682512,TRACKING,0,STATIONARY_CORRECTION_SUPPRESSED,1000000000.000000,0.000000,0.000000,0.000000,0,pcl_gicp,1,merged_0707_0725_v1
212633_wp0_relocalization,1786796900.012337685,TRACKING,0,STATIONARY_CORRECTION_SUPPRESSED,1000000000.000000,0.000000,0.000000,0.000000,0,pcl_gicp,1,merged_0707_0725_v1
212633_wp0_relocalization,1786796901.112085342,TRACKING,0,STATIONARY_CORRECTION_SUPPRESSED,1000000000.000000,0.000000,0.000000,0.000000,0,pcl_gicp,1,merged_0707_0725_v1
212633_wp0_relocalization,1786796902.113630056,TRACKING,0,STATIONARY_CORRECTION_SUPPRESSED,1000000000.000000,0.000000,0.000000,0.000000,0,pcl_gicp,1,merged_0707_0725_v1
212633_wp0_relocalization,1786796903.213863850,TRACKING,0,STATIONARY_CORRECTION_SUPPRESSED,1000000000.000000,0.000000,0.000000,0.000000,0,pcl_gicp,1,merged_0707_0725_v1
212633_wp0_relocalization,1786796904.210929632,TRACKING,0,STATIONARY_CORRECTION_SUPPRESSED,1000000000.000000,0.000000,0.000000,0.000000,0,pcl_gicp,1,merged_0707_0725_v1
212633_wp0_relocalization,1786796905.137146711,MANUAL_ALIGN,1,MANUAL_ALIGN,1000000000.000000,0.000000,0.000000,0.000000,0,pcl_gicp,1,merged_0707_0725_v1
212633_wp0_relocalization,1786796937.933167219,MANUAL_ALIGN,1,MANUAL_ALIGN,1000000000.000000,0.000000,0.000000,0.000000,0,pcl_gicp,2,merged_0707_0725_v1
212633_wp0_relocalization,1786796941.653805256,VERIFYING,1,VERIFYING,1000000000.000000,0.000000,0.000000,0.000000,0,pcl_gicp,2,merged_0707_0725_v1
212633_wp0_relocalization,1786796945.005031347,VERIFYING,1,CANDIDATE_ACCUMULATING,0.082759,0.657376,0.577428,0.086617,1,fast_vgicp_cuda,2,merged_0707_0725_v1
212633_wp0_relocalization,1786796945.982416868,VERIFYING,1,CANDIDATE_ACCUMULATING,0.083193,0.651463,0.552756,0.071269,2,fast_vgicp_cuda,2,merged_0707_0725_v1
212633_wp0_relocalization,1786796947.073027849,VERIFYING,1,CANDIDATE_INCONSISTENT,0.080824,0.656794,1.061118,0.069131,1,fast_vgicp_cuda,2,merged_0707_0725_v1
212633_wp0_relocalization,1786796948.080965281,VERIFYING,1,CANDIDATE_ACCUMULATING,0.081336,0.663510,1.247257,0.091409,2,fast_vgicp_cuda,2,merged_0707_0725_v1
212633_wp0_relocalization,1786796949.075432062,VERIFYING,1,CANDIDATE_INCONSISTENT,0.077798,0.678236,1.481798,0.175981,1,fast_vgicp_cuda,2,merged_0707_0725_v1
212633_wp0_relocalization,1786796950.080626011,VERIFYING,1,CANDIDATE_ACCUMULATING,0.079121,0.678438,1.449026,0.172980,2,fast_vgicp_cuda,2,merged_0707_0725_v1
212633_wp0_relocalization,1786796951.171010256,TRACKING,0,CONSENSUS_READY,0.077854,0.674478,1.506211,0.179173,0,fast_vgicp_cuda,2,merged_0707_0725_v1
212633_wp0_relocalization,1786796952.017225266,TRACKING,0,STATIONARY_CORRECTION_SUPPRESSED,1000000000.000000,0.000000,0.000000,0.000000,0,pcl_gicp,2,merged_0707_0725_v1
212633_wp0_relocalization,1786796953.015733480,TRACKING,0,STATIONARY_CORRECTION_SUPPRESSED,1000000000.000000,0.000000,0.000000,0.000000,0,pcl_gicp,2,merged_0707_0725_v1
212633_wp0_relocalization,1786796954.115119219,TRACKING,0,STATIONARY_CORRECTION_SUPPRESSED,1000000000.000000,0.000000,0.000000,0.000000,0,pcl_gicp,2,merged_0707_0725_v1
212633_wp0_relocalization,1786796955.216481447,TRACKING,0,STATIONARY_CORRECTION_SUPPRESSED,1000000000.000000,0.000000,0.000000,0.000000,0,pcl_gicp,2,merged_0707_0725_v1
212633_wp0_relocalization,1786796956.315557957,TRACKING,0,STATIONARY_CORRECTION_SUPPRESSED,1000000000.000000,0.000000,0.000000,0.000000,0,pcl_gicp,2,merged_0707_0725_v1
212633_wp0_relocalization,1786796957.317818880,TRACKING,0,STATIONARY_CORRECTION_SUPPRESSED,1000000000.000000,0.000000,0.000000,0.000000,0,pcl_gicp,2,merged_0707_0725_v1
212633_wp0_relocalization,1786796958.318523407,TRACKING,0,STATIONARY_CORRECTION_SUPPRESSED,1000000000.000000,0.000000,0.000000,0.000000,0,pcl_gicp,2,merged_0707_0725_v1
212633_wp0_relocalization,1786796959.317335844,TRACKING,0,STATIONARY_CORRECTION_SUPPRESSED,1000000000.000000,0.000000,0.000000,0.000000,0,pcl_gicp,2,merged_0707_0725_v1
212633_wp0_relocalization,1786796960.419151068,TRACKING,0,STATIONARY_CORRECTION_SUPPRESSED,1000000000.000000,0.000000,0.000000,0.000000,0,pcl_gicp,2,merged_0707_0725_v1
212633_wp0_relocalization,1786796961.420158863,TRACKING,0,STATIONARY_CORRECTION_SUPPRESSED,1000000000.000000,0.000000,0.000000,0.000000,0,pcl_gicp,2,merged_0707_0725_v1
212633_wp0_relocalization,1786796962.515925407,TRACKING,0,STATIONARY_CORRECTION_SUPPRESSED,1000000000.000000,0.000000,0.000000,0.000000,0,pcl_gicp,2,merged_0707_0725_v1
212633_wp0_relocalization,1786796963.521092176,TRACKING,0,STATIONARY_CORRECTION_SUPPRESSED,1000000000.000000,0.000000,0.000000,0.000000,0,pcl_gicp,2,merged_0707_0725_v1
212633_wp0_relocalization,1786796964.518787146,TRACKING,0,STATIONARY_CORRECTION_SUPPRESSED,1000000000.000000,0.000000,0.000000,0.000000,0,pcl_gicp,2,merged_0707_0725_v1
212633_wp0_relocalization,1786796965.518645048,TRACKING,0,STATIONARY_CORRECTION_SUPPRESSED,1000000000.000000,0.000000,0.000000,0.000000,0,pcl_gicp,2,merged_0707_0725_v1
212633_wp0_relocalization,1786796966.617220402,TRACKING,0,STATIONARY_CORRECTION_SUPPRESSED,1000000000.000000,0.000000,0.000000,0.000000,0,pcl_gicp,2,merged_0707_0725_v1
212633_wp0_relocalization,1786796967.619253159,TRACKING,0,STATIONARY_CORRECTION_SUPPRESSED,1000000000.000000,0.000000,0.000000,0.000000,0,pcl_gicp,2,merged_0707_0725_v1
212633_wp0_relocalization,1786796968.621382475,TRACKING,0,STATIONARY_CORRECTION_SUPPRESSED,1000000000.000000,0.000000,0.000000,0.000000,0,pcl_gicp,2,merged_0707_0725_v1
212633_wp0_relocalization,1786796969.617260695,TRACKING,0,STATIONARY_CORRECTION_SUPPRESSED,1000000000.000000,0.000000,0.000000,0.000000,0,pcl_gicp,2,merged_0707_0725_v1
212633_wp0_relocalization,1786796970.619498968,TRACKING,0,STATIONARY_CORRECTION_SUPPRESSED,1000000000.000000,0.000000,0.000000,0.000000,0,pcl_gicp,2,merged_0707_0725_v1
212633_wp0_relocalization,1786796971.616973877,TRACKING,0,STATIONARY_CORRECTION_SUPPRESSED,1000000000.000000,0.000000,0.000000,0.000000,0,pcl_gicp,2,merged_0707_0725_v1
212633_wp0_relocalization,1786796972.718141794,TRACKING,0,STATIONARY_CORRECTION_SUPPRESSED,1000000000.000000,0.000000,0.000000,0.000000,0,pcl_gicp,2,merged_0707_0725_v1
212633_wp0_relocalization,1786796973.720000744,TRACKING,0,STATIONARY_CORRECTION_SUPPRESSED,1000000000.000000,0.000000,0.000000,0.000000,0,pcl_gicp,2,merged_0707_0725_v1
212633_wp0_relocalization,1786796974.821470022,TRACKING,0,STATIONARY_CORRECTION_SUPPRESSED,1000000000.000000,0.000000,0.000000,0.000000,0,pcl_gicp,2,merged_0707_0725_v1
212633_wp0_relocalization,1786796975.819378138,TRACKING,0,STATIONARY_CORRECTION_SUPPRESSED,1000000000.000000,0.000000,0.000000,0.000000,0,pcl_gicp,2,merged_0707_0725_v1
212633_wp0_relocalization,1786796976.917902470,TRACKING,0,STATIONARY_CORRECTION_SUPPRESSED,1000000000.000000,0.000000,0.000000,0.000000,0,pcl_gicp,2,merged_0707_0725_v1
212633_wp0_relocalization,1786796978.018455267,TRACKING,0,STATIONARY_CORRECTION_SUPPRESSED,1000000000.000000,0.000000,0.000000,0.000000,0,pcl_gicp,2,merged_0707_0725_v1
212633_wp0_relocalization,1786796979.020943880,TRACKING,0,STATIONARY_CORRECTION_SUPPRESSED,1000000000.000000,0.000000,0.000000,0.000000,0,pcl_gicp,2,merged_0707_0725_v1
212633_wp0_relocalization,1786796980.119285822,TRACKING,0,STATIONARY_CORRECTION_SUPPRESSED,1000000000.000000,0.000000,0.000000,0.000000,0,pcl_gicp,2,merged_0707_0725_v1
212633_wp0_relocalization,1786796981.119319201,TRACKING,0,STATIONARY_CORRECTION_SUPPRESSED,1000000000.000000,0.000000,0.000000,0.000000,0,pcl_gicp,2,merged_0707_0725_v1
212633_wp0_relocalization,1786796982.120313406,TRACKING,0,STATIONARY_CORRECTION_SUPPRESSED,1000000000.000000,0.000000,0.000000,0.000000,0,pcl_gicp,2,merged_0707_0725_v1
212633_wp0_relocalization,1786796983.216445208,TRACKING,0,STATIONARY_CORRECTION_SUPPRESSED,1000000000.000000,0.000000,0.000000,0.000000,0,pcl_gicp,2,merged_0707_0725_v1
212633_wp0_relocalization,1786796984.320019484,TRACKING,0,STATIONARY_CORRECTION_SUPPRESSED,1000000000.000000,0.000000,0.000000,0.000000,0,pcl_gicp,2,merged_0707_0725_v1
212633_wp0_relocalization,1786796985.318454742,TRACKING,0,STATIONARY_CORRECTION_SUPPRESSED,1000000000.000000,0.000000,0.000000,0.000000,0,pcl_gicp,2,merged_0707_0725_v1
212633_wp0_relocalization,1786796986.318045139,TRACKING,0,STATIONARY_CORRECTION_SUPPRESSED,1000000000.000000,0.000000,0.000000,0.000000,0,pcl_gicp,2,merged_0707_0725_v1
212633_wp0_relocalization,1786796987.319238186,TRACKING,0,STATIONARY_CORRECTION_SUPPRESSED,1000000000.000000,0.000000,0.000000,0.000000,0,pcl_gicp,2,merged_0707_0725_v1
212633_wp0_relocalization,1786796988.319248199,TRACKING,0,STATIONARY_CORRECTION_SUPPRESSED,1000000000.000000,0.000000,0.000000,0.000000,0,pcl_gicp,2,merged_0707_0725_v1
212633_wp0_relocalization,1786796989.419233322,TRACKING,0,STATIONARY_CORRECTION_SUPPRESSED,1000000000.000000,0.000000,0.000000,0.000000,0,pcl_gicp,2,merged_0707_0725_v1
212633_wp0_relocalization,1786796990.417903900,TRACKING,0,STATIONARY_CORRECTION_SUPPRESSED,1000000000.000000,0.000000,0.000000,0.000000,0,pcl_gicp,2,merged_0707_0725_v1
212633_wp0_relocalization,1786796991.516662359,TRACKING,0,STATIONARY_CORRECTION_SUPPRESSED,1000000000.000000,0.000000,0.000000,0.000000,0,pcl_gicp,2,merged_0707_0725_v1
212633_wp0_relocalization,1786796992.618711948,TRACKING,0,STATIONARY_CORRECTION_SUPPRESSED,1000000000.000000,0.000000,0.000000,0.000000,0,pcl_gicp,2,merged_0707_0725_v1
212633_wp0_relocalization,1786796993.617635489,TRACKING,0,STATIONARY_CORRECTION_SUPPRESSED,1000000000.000000,0.000000,0.000000,0.000000,0,pcl_gicp,2,merged_0707_0725_v1
212633_wp0_relocalization,1786796993.892544746,MANUAL_ALIGN,1,MANUAL_ALIGN,1000000000.000000,0.000000,0.000000,0.000000,0,pcl_gicp,3,merged_0707_0725_v1
212633_wp0_relocalization,1786796994.894026041,VERIFYING,1,VERIFYING,1000000000.000000,0.000000,0.000000,0.000000,0,pcl_gicp,3,merged_0707_0725_v1
212633_wp0_relocalization,1786796998.197542191,VERIFYING,1,CANDIDATE_ACCUMULATING,0.080599,0.674731,1.560827,0.127842,1,fast_vgicp_cuda,3,merged_0707_0725_v1
212633_wp0_relocalization,1786796999.273230076,VERIFYING,1,CANDIDATE_INCONSISTENT,0.083395,0.659703,1.508594,0.106211,1,fast_vgicp_cuda,3,merged_0707_0725_v1
212633_wp0_relocalization,1786797000.379379272,VERIFYING,1,CANDIDATE_ACCUMULATING,0.078959,0.663373,1.518141,0.106314,2,fast_vgicp_cuda,3,merged_0707_0725_v1
212633_wp0_relocalization,1786797001.379192591,VERIFYING,1,CANDIDATE_INCONSISTENT,0.078511,0.675078,1.665260,0.180509,1,fast_vgicp_cuda,3,merged_0707_0725_v1
212633_wp0_relocalization,1786797002.478733540,VERIFYING,1,CANDIDATE_ACCUMULATING,0.079988,0.671905,1.648999,0.134631,2,fast_vgicp_cuda,3,merged_0707_0725_v1
212633_wp0_relocalization,1786797003.570935011,VERIFYING,1,CANDIDATE_INCONSISTENT,0.084050,0.667262,1.412539,0.106232,1,fast_vgicp_cuda,3,merged_0707_0725_v1
212633_wp0_relocalization,1786797004.680752277,VERIFYING,1,CANDIDATE_INCONSISTENT,0.083785,0.667732,1.475476,0.115524,1,fast_vgicp_cuda,3,merged_0707_0725_v1
212633_wp0_relocalization,1786797005.682858467,VERIFYING,1,CANDIDATE_ACCUMULATING,0.081622,0.666232,1.522712,0.131863,2,fast_vgicp_cuda,3,merged_0707_0725_v1
212633_wp0_relocalization,1786797006.682939529,VERIFYING,1,CANDIDATE_INCONSISTENT,0.080625,0.657874,1.397635,0.090984,1,fast_vgicp_cuda,3,merged_0707_0725_v1
212633_wp0_relocalization,1786797007.671945333,VERIFYING,1,CANDIDATE_INCONSISTENT,0.084350,0.650873,0.852637,0.047085,1,fast_vgicp_cuda,3,merged_0707_0725_v1
212633_wp0_relocalization,1786797008.680199623,VERIFYING,1,CANDIDATE_INCONSISTENT,0.080354,0.660066,1.491378,0.105420,1,fast_vgicp_cuda,3,merged_0707_0725_v1
212633_wp0_relocalization,1786797009.681857586,VERIFYING,1,CANDIDATE_INCONSISTENT,0.082908,0.661899,1.460215,0.161426,1,fast_vgicp_cuda,3,merged_0707_0725_v1
212633_wp0_relocalization,1786797010.710016489,VERIFYING,1,CANDIDATE_INCONSISTENT,0.083876,0.654940,1.307400,0.101127,1,fast_vgicp_cuda,3,merged_0707_0725_v1
212633_wp0_relocalization,1786797011.771848917,VERIFYING,1,CANDIDATE_ACCUMULATING,0.083293,0.651542,0.933927,0.051108,2,fast_vgicp_cuda,3,merged_0707_0725_v1
212633_wp0_relocalization,1786797012.881587982,VERIFYING,1,CANDIDATE_INCONSISTENT,0.083059,0.654608,1.279851,0.077633,1,fast_vgicp_cuda,3,merged_0707_0725_v1
212633_wp0_relocalization,1786797013.985086918,VERIFYING,1,CANDIDATE_INCONSISTENT,0.085482,0.646178,0.804032,0.041448,1,fast_vgicp_cuda,3,merged_0707_0725_v1
212633_wp0_relocalization,1786797014.980681896,VERIFYING,1,CANDIDATE_INCONSISTENT,0.081496,0.662055,1.396982,0.090116,1,fast_vgicp_cuda,3,merged_0707_0725_v1
212633_wp0_relocalization,1786797016.077961445,VERIFYING,1,CANDIDATE_ACCUMULATING,0.083103,0.655831,1.346667,0.092460,2,fast_vgicp_cuda,3,merged_0707_0725_v1
212633_wp0_relocalization,1786797017.079676390,TRACKING,0,CONSENSUS_READY,0.081104,0.659587,1.406119,0.097460,0,fast_vgicp_cuda,3,merged_0707_0725_v1
212633_wp0_relocalization,1786797017.816777706,TRACKING,0,STATIONARY_CORRECTION_SUPPRESSED,1000000000.000000,0.000000,0.000000,0.000000,0,pcl_gicp,3,merged_0707_0725_v1
212633_wp0_relocalization,1786797018.816505432,TRACKING,0,STATIONARY_CORRECTION_SUPPRESSED,1000000000.000000,0.000000,0.000000,0.000000,0,pcl_gicp,3,merged_0707_0725_v1
212633_wp0_relocalization,1786797019.818720579,TRACKING,0,STATIONARY_CORRECTION_SUPPRESSED,1000000000.000000,0.000000,0.000000,0.000000,0,pcl_gicp,3,merged_0707_0725_v1
212633_wp0_relocalization,1786797020.820220232,TRACKING,0,STATIONARY_CORRECTION_SUPPRESSED,1000000000.000000,0.000000,0.000000,0.000000,0,pcl_gicp,3,merged_0707_0725_v1
212633_wp0_relocalization,1786797021.822559118,TRACKING,0,STATIONARY_CORRECTION_SUPPRESSED,1000000000.000000,0.000000,0.000000,0.000000,0,pcl_gicp,3,merged_0707_0725_v1
212633_wp0_relocalization,1786797022.817599297,TRACKING,0,STATIONARY_CORRECTION_SUPPRESSED,1000000000.000000,0.000000,0.000000,0.000000,0,pcl_gicp,3,merged_0707_0725_v1
212633_wp0_relocalization,1786797023.917470932,TRACKING,0,STATIONARY_CORRECTION_SUPPRESSED,1000000000.000000,0.000000,0.000000,0.000000,0,pcl_gicp,3,merged_0707_0725_v1
212633_wp0_relocalization,1786797024.918457031,TRACKING,0,STATIONARY_CORRECTION_SUPPRESSED,1000000000.000000,0.000000,0.000000,0.000000,0,pcl_gicp,3,merged_0707_0725_v1
212633_wp0_relocalization,1786797026.019484520,TRACKING,0,STATIONARY_CORRECTION_SUPPRESSED,1000000000.000000,0.000000,0.000000,0.000000,0,pcl_gicp,3,merged_0707_0725_v1
212633_wp0_relocalization,1786797027.120864153,TRACKING,0,STATIONARY_CORRECTION_SUPPRESSED,1000000000.000000,0.000000,0.000000,0.000000,0,pcl_gicp,3,merged_0707_0725_v1
212633_wp0_relocalization,1786797028.219881058,TRACKING,0,STATIONARY_CORRECTION_SUPPRESSED,1000000000.000000,0.000000,0.000000,0.000000,0,pcl_gicp,3,merged_0707_0725_v1
212633_wp0_relocalization,1786797029.217890024,TRACKING,0,STATIONARY_CORRECTION_SUPPRESSED,1000000000.000000,0.000000,0.000000,0.000000,0,pcl_gicp,3,merged_0707_0725_v1
212633_wp0_relocalization,1786797030.221348763,TRACKING,0,STATIONARY_CORRECTION_SUPPRESSED,1000000000.000000,0.000000,0.000000,0.000000,0,pcl_gicp,3,merged_0707_0725_v1
212633_wp0_relocalization,1786797031.319739580,TRACKING,0,STATIONARY_CORRECTION_SUPPRESSED,1000000000.000000,0.000000,0.000000,0.000000,0,pcl_gicp,3,merged_0707_0725_v1
212633_wp0_relocalization,1786797032.293000698,MANUAL_ALIGN,1,MANUAL_ALIGN,1000000000.000000,0.000000,0.000000,0.000000,0,pcl_gicp,3,merged_0707_0725_v1
